#
# TABLE STRUCTURE FOR: Account
#
drop database if exists `shopese-spring`;
create database `shopese-spring`;
use `shopese-spring`;


DROP TABLE IF EXISTS `Account`;

CREATE TABLE `Account` (
  `accountID` varchar(100) CHARACTER SET utf8 NOT NULL,
  `email` varchar(100) CHARACTER SET utf8 DEFAULT NULL,
  `display` varchar(100) CHARACTER SET utf8 DEFAULT NULL,
  `password` varchar(100) CHARACTER SET utf8 DEFAULT NULL,
  `role` enum('ADMIN','STAFF','USER') COLLATE utf8_unicode_ci DEFAULT NULL,
  `avatar` varchar(100) CHARACTER SET utf8 DEFAULT NULL,
  `deleted` tinyint(4) DEFAULT 0,
  `create_at` timestamp NOT NULL DEFAULT current_timestamp(),
  `update_at` timestamp NOT NULL DEFAULT current_timestamp() ON UPDATE current_timestamp(),
  PRIMARY KEY (`accountID`)
) ENGINE=InnoDB DEFAULT CHARSET=utf8 COLLATE=utf8_unicode_ci;

INSERT INTO `Account` (`accountID`, `email`, `display`, `password`, `role`, `avatar`, `deleted`, `create_at`, `update_at`) VALUES ('021f23a8-6887-3a3d-8935-6764ab4c3fa1', 'nbauch@example.org', 'Fae Kirlin', '5b02c984874b2b06b4003fda03daef82a640941f', 'STAFF', 'http://lorempixel.com/640/480/', 0, '1990-12-27 11:28:12', '2015-06-24 02:45:12');
INSERT INTO `Account` (`accountID`, `email`, `display`, `password`, `role`, `avatar`, `deleted`, `create_at`, `update_at`) VALUES ('2d3a3ecd-29b0-3acf-88c0-ea39afcfcde5', 'reynolds.annamae@example.com', 'Alfonso McDermott III', '7379ddf3a0d586c840d01b90039bf5a36e8da22f', 'STAFF', 'http://lorempixel.com/640/480/', 0, '2001-09-09 20:30:30', '2018-07-08 02:19:28');
INSERT INTO `Account` (`accountID`, `email`, `display`, `password`, `role`, `avatar`, `deleted`, `create_at`, `update_at`) VALUES ('2f1f5e14-5481-3028-9031-9d17b08ea679', 'dickinson.eileen@example.org', 'Tomasa Yundt', '5987d3f3ef8013792f3d4aef7164285ca09a3841', 'ADMIN', 'http://lorempixel.com/640/480/', 0, '2016-01-28 11:14:54', '1992-08-15 03:12:40');
INSERT INTO `Account` (`accountID`, `email`, `display`, `password`, `role`, `avatar`, `deleted`, `create_at`, `update_at`) VALUES ('385a3c0c-4551-3dfc-bf68-3f9fed92db63', 'kaitlyn.pagac@example.com', 'Hudson Lowe', '1ffb24c32726584244d843d581426f29403076ac', 'USER', 'http://lorempixel.com/640/480/', 0, '1994-11-23 16:19:52', '1987-05-18 01:36:59');
INSERT INTO `Account` (`accountID`, `email`, `display`, `password`, `role`, `avatar`, `deleted`, `create_at`, `update_at`) VALUES ('3f7c6aa7-030b-3ff9-9e19-7b03354034e4', 'nikolaus.lolita@example.net', 'Freddy Pouros DDS', '3440eb3118c409dddab62c9631f0f6eda3005f90', 'ADMIN', 'http://lorempixel.com/640/480/', 0, '2018-12-27 20:30:40', '2011-09-13 16:13:39');
INSERT INTO `Account` (`accountID`, `email`, `display`, `password`, `role`, `avatar`, `deleted`, `create_at`, `update_at`) VALUES ('4f8139b6-06fd-3586-abc2-c8e229394ef0', 'monroe.muller@example.org', 'Eulah Braun', 'bde97ddfdb9517e4e190c27a4ca0f03cc5543d01', 'STAFF', 'http://lorempixel.com/640/480/', 0, '2012-07-10 23:15:00', '2002-05-02 11:04:09');
INSERT INTO `Account` (`accountID`, `email`, `display`, `password`, `role`, `avatar`, `deleted`, `create_at`, `update_at`) VALUES ('75dd40ee-8c31-35cd-bc8a-97b0763de2bd', 'evan.emmerich@example.org', 'Prof. Harmon Fisher III', '6e5cdcd28fdec84a227694cc29fd71b05e4bc824', 'ADMIN', 'http://lorempixel.com/640/480/', 0, '1987-11-21 17:55:24', '1977-01-25 21:01:30');
INSERT INTO `Account` (`accountID`, `email`, `display`, `password`, `role`, `avatar`, `deleted`, `create_at`, `update_at`) VALUES ('a6c0c3f9-e5d6-3a40-bb28-aa0cc36a2ca4', 'robbie84@example.org', 'Fidel Roob', '92a5161d7b92af475506e809f92ef80bafc5ea0e', 'ADMIN', 'http://lorempixel.com/640/480/', 0, '1998-12-25 23:50:00', '1985-04-10 11:31:03');
INSERT INTO `Account` (`accountID`, `email`, `displayproductproduct`, `password`, `role`, `avatar`, `deleted`, `create_at`, `update_at`) VALUES ('cfceb1b0-e316-3783-a090-c1a51bf1ce71', 'kling.eino@example.com', 'Ricardo Yundt', 'e8c1cbe272abca3b1667b9b065916e4d81642110', 'STAFF', 'http://lorempixel.com/640/480/', 0, '1985-01-22 22:45:14', '1987-09-05 08:10:02');
INSERT INTO `Account` (`accountID`, `email`, `display`, `password`, `role`, `avatar`, `deleted`, `create_at`, `update_at`) VALUES ('d767c0b7-6ef8-3c87-8e9d-40b63cd901f1', 'aurore14@example.net', 'Meggie Davis', '7cfd109fae8cbc9be623ff7c19f6fb8cccb76b45', 'STAFF', 'http://lorempixel.com/640/480/', 0, '2015-05-23 18:08:41', '1987-06-17 20:36:57');


#
# TABLE STRUCTURE FOR: Product
#

DROP TABLE IF EXISTS `Product`;

CREATE TABLE `Product` (
  `productID` varchar(100) CHARACTER SET utf8 NOT NULL,
  `display` varchar(100) CHARACTER SET utf8 DEFAULT NULL,
  `priceIn` int(11) DEFAULT NULL,
  `priceOut` int(11) DEFAULT NULL,
  `priceSale` int(11) DEFAULT NULL,
  `amount` int(11) DEFAULT NULL,
  `shipday` int(11) DEFAULT NULL,
  `description` varchar(100) CHARACTER SET utf8 DEFAULT NULL,
  `images` varchar(100) CHARACTER SET utf8 DEFAULT NULL,
  `deleted` tinyint(4) DEFAULT 0,
  `create_at` timestamp NOT NULL DEFAULT current_timestamp(),
  `update_at` timestamp NOT NULL DEFAULT current_timestamp() ON UPDATE current_timestamp(),
  PRIMARY KEY (`productID`)
) ENGINE=InnoDB DEFAULT CHARSET=utf8 COLLATE=utf8_unicode_ci;

INSERT INTO `Product` (`productID`, `display`, `priceIn`, `priceOut`, `priceSale`, `amount`, `shipday`, `description`, `images`, `deleted`, `create_at`, `update_at`) VALUES ('01b3af5f-2d14-393e-af59-7c0d946d6941', 'Barton, Johnson and Abshire', 0, 695241, 7, 33003, 4, 'Veniam quia aut reiciendis repudiandae quasi est. Fugiat ad sunt deserunt quia sequi aut necessitati', 'http://lorempixel.com/640/480/', 0, '2014-01-15 10:56:35', '1996-10-12 05:53:44');
INSERT INTO `Product` (`productID`, `display`, `priceIn`, `priceOut`, `priceSale`, `amount`, `shipday`, `description`, `images`, `deleted`, `create_at`, `update_at`) VALUES ('01f33b6a-88a6-3b5a-95d1-080e5916a2df', 'Osinski-Treutel', 734, 90392, 101, 9137, 3, 'Quia eum itaque alias a repellat molestiae dolorem. Et quia quia modi voluptatum amet.', 'http://lorempixel.com/640/480/', 0, '1979-10-13 18:39:39', '1987-05-29 00:42:43');
INSERT INTO `Product` (`productID`, `display`, `priceIn`, `priceOut`, `priceSale`, `amount`, `shipday`, `description`, `images`, `deleted`, `create_at`, `update_at`) VALUES ('02699726-540f-373c-8ce4-2f4239f9435f', 'Parisian and Sons', 559341725, 76095384, 0, 75732, 3, 'Asperiores qui sed et dolore itaque odio et et. Occaecati enim sunt officiis illum voluptatem rem es', 'http://lorempixel.com/640/480/', 0, '2011-04-12 01:18:16', '2007-08-14 21:13:26');
INSERT INTO `Product` (`productID`, `display`, `priceIn`, `priceOut`, `priceSale`, `amount`, `shipday`, `description`, `images`, `deleted`, `create_at`, `update_at`) VALUES ('04f2efe7-039a-3a3c-9a77-e2c6fd3a047e', 'Frami, Balistreri and Pouros', 2, 0, 875386, 0, 2, 'Excepturi vero molestias quo. Fuga quod deleniti laboriosam cupiditate. Quo iure non iure modi aliqu', 'http://lorempixel.com/640/480/', 0, '1994-11-18 23:06:14', '1983-04-26 21:43:25');
INSERT INTO `Product` (`productID`, `display`, `priceIn`, `priceOut`, `priceSale`, `amount`, `shipday`, `description`, `images`, `deleted`, `create_at`, `update_at`) VALUES ('0bed51bd-f1fa-3371-8527-4f8492105522', 'Farrell, Baumbach and Keebler', 0, 0, 118172, 799114470, 8, 'In et ut dolorum minus non. Ipsa autem non laudantium impedit aspernatur. Voluptate non vitae quia s', 'http://lorempixel.com/640/480/', 0, '1980-07-30 13:22:28', '1995-12-13 19:07:51');
INSERT INTO `Product` (`productID`, `display`, `priceIn`, `priceOut`, `priceSale`, `amount`, `shipday`, `description`, `images`, `deleted`, `create_at`, `update_at`) VALUES ('0d23392b-7270-3d83-895a-00dd4e2fbe10', 'Farrell-Paucek', 392, 4, 44997106, 3, 4, 'Sed voluptatem velit veniam qui sint. Velit numquam non tempora aliquam quod et et culpa. Atque opti', 'http://lorempixel.com/640/480/', 0, '1977-12-14 03:18:28', '2013-02-09 16:55:29');
INSERT INTO `Product` (`productID`, `display`, `priceIn`, `priceOut`, `priceSale`, `amount`, `shipday`, `description`, `images`, `deleted`, `create_at`, `update_at`) VALUES ('0ef870ef-a3c0-3fab-acdf-1fd45251d3b9', 'Stracke LLC', 171, 35, 8662601, 12, 6, 'Unde tenetur non rerum voluptatibus illum voluptatibus. Adipisci commodi cum nobis exercitationem. S', 'http://lorempixel.com/640/480/', 0, '2000-08-06 15:04:07', '2000-03-20 21:56:48');
INSERT INTO `Product` (`productID`, `display`, `priceIn`, `priceOut`, `priceSale`, `amount`, `shipday`, `description`, `images`, `deleted`, `create_at`, `update_at`) VALUES ('0f40dcbc-d686-3477-ba52-d201cb46bcfc', 'Emmerich-Beer', 1302320, 77511814, 11454, 839, 1, 'Expedita consectetur libero asperiores et consequuntur qui blanditiis. Accusamus amet eveniet tenetu', 'http://lorempixel.com/640/480/', 0, '1979-02-28 04:18:25', '1989-12-23 04:07:37');
INSERT INTO `Product` (`productID`, `display`, `priceIn`, `priceOut`, `priceSale`, `amount`, `shipday`, `description`, `images`, `deleted`, `create_at`, `update_at`) VALUES ('10c5ba4b-4f17-3033-9257-3a93db6a767b', 'Bergstrom-Cronin', 6126069, 430361, 1896, 3546898, 6, 'Harum explicabo impedit consequatur atque. Voluptatem magni omnis et veritatis quis eum illo. Et par', 'http://lorempixel.com/640/480/', 0, '1988-06-07 14:24:25', '1993-07-01 10:39:10');
INSERT INTO `Product` (`productID`, `display`, `priceIn`, `priceOut`, `priceSale`, `amount`, `shipday`, `description`, `images`, `deleted`, `create_at`, `update_at`) VALUES ('10e0421e-2c82-321c-834b-d229b0fc9074', 'Dickinson-Abernathy', 0, 2, 2559478, 18534335, 1, 'Sunt molestias quia similique. A et sit et ea minus vitae.', 'http://lorempixel.com/640/480/', 0, '1976-01-21 22:14:31', '2019-01-28 09:25:33');
INSERT INTO `Product` (`productID`, `display`, `priceIn`, `priceOut`, `priceSale`, `amount`, `shipday`, `description`, `images`, `deleted`, `create_at`, `update_at`) VALUES ('14000cd3-3935-3194-bdd8-c6549de62b62', 'Kuvalis LLC', 9783, 98676, 48, 630383, 1, 'Perferendis deleniti repudiandae distinctio a et tempora voluptates non. Est reprehenderit nesciunt ', 'http://lorempixel.com/640/480/', 0, '2010-09-28 01:41:09', '1973-01-05 18:03:35');
INSERT INTO `Product` (`productID`, `display`, `priceIn`, `priceOut`, `priceSale`, `amount`, `shipday`, `description`, `images`, `deleted`, `create_at`, `update_at`) VALUES ('17cc4763-df69-3404-96b8-b3e98beadc9f', 'Abernathy PLC', 788006, 7, 4087878, 45807, 6, 'Et repellat non et quaerat officia animi nulla reprehenderit. Aut labore sed numquam qui rerum conse', 'http://lorempixel.com/640/480/', 0, '2018-06-12 13:32:12', '1989-04-09 18:28:04');
INSERT INTO `Product` (`productID`, `display`, `priceIn`, `priceOut`, `priceSale`, `amount`, `shipday`, `description`, `images`, `deleted`, `create_at`, `update_at`) VALUES ('199c54e2-411d-3e3b-b6df-b5a255da689b', 'Bailey LLC', 0, 0, 25579604, 70654102, 9, 'Suscipit adipisci nemo aut harum earum eius. Aliquid totam sequi in culpa qui unde officiis. Incidun', 'http://lorempixel.com/640/480/', 0, '1982-11-27 14:49:26', '1980-07-10 07:23:11');
INSERT INTO `Product` (`productID`, `display`, `priceIn`, `priceOut`, `priceSale`, `amount`, `shipday`, `description`, `images`, `deleted`, `create_at`, `update_at`) VALUES ('2169fd63-c103-3bbb-b967-3685aec82b16', 'Hahn, Hegmann and Thiel', 20680, 66981, 0, 0, 4, 'Id ut veniam et natus eaque. Labore ut est et animi delectus aut.', 'http://lorempixel.com/640/480/', 0, '2010-03-07 17:32:10', '1987-09-18 22:07:07');
INSERT INTO `Product` (`productID`, `display`, `priceIn`, `priceOut`, `priceSale`, `amount`, `shipday`, `description`, `images`, `deleted`, `create_at`, `update_at`) VALUES ('21d0e2ec-7ae5-3efb-937c-48cd52623eb2', 'Schultz, Lowe and Bins', 251, 63, 4, 7113, 2, 'Ullam velit et debitis aut quasi autem minima rerum. Tempore dolore sed voluptatem enim ab consequat', 'http://lorempixel.com/640/480/', 0, '1994-12-25 11:59:17', '1974-08-27 21:25:36');
INSERT INTO `Product` (`productID`, `display`, `priceIn`, `priceOut`, `priceSale`, `amount`, `shipday`, `description`, `images`, `deleted`, `create_at`, `update_at`) VALUES ('275fa1e2-de8b-3000-80e9-776a13d5b757', 'McGlynn, Hickle and Corwin', 75, 58, 71673, 6252478, 5, 'Ut minus recusandae voluptate vel adipisci minus sit. Consequatur veritatis iste officiis. Molestiae', 'http://lorempixel.com/640/480/', 0, '2020-01-13 22:07:41', '1998-05-20 15:14:48');
INSERT INTO `Product` (`productID`, `display`, `priceIn`, `priceOut`, `priceSale`, `amount`, `shipday`, `description`, `images`, `deleted`, `create_at`, `update_at`) VALUES ('291bfa94-7ea8-359f-b4c2-da1a23c36b7e', 'Welch, Gaylord and Kirlin', 18753, 70193236, 88, 0, 1, 'Temporibus in iusto est ex. Culpa facilis non alias nobis distinctio autem quibusdam.', 'http://lorempixel.com/640/480/', 0, '1996-06-17 12:23:18', '2012-03-15 00:02:34');
INSERT INTO `Product` (`productID`, `display`, `priceIn`, `priceOut`, `priceSale`, `amount`, `shipday`, `description`, `images`, `deleted`, `create_at`, `update_at`) VALUES ('2e22313c-c406-3a9d-b7df-ac1cf4bc3985', 'Lang, Swift and Hoeger', 12065349, 11, 1, 75339626, 1, 'Nihil quo repellendus impedit qui qui quibusdam soluta. Voluptas velit distinctio recusandae invento', 'http://lorempixel.com/640/480/', 0, '2010-05-10 17:11:35', '1993-10-21 13:43:26');
INSERT INTO `Product` (`productID`, `display`, `priceIn`, `priceOut`, `priceSale`, `amount`, `shipday`, `description`, `images`, `deleted`, `create_at`, `update_at`) VALUES ('2fba478d-47d3-3881-a38f-051fba3094db', 'Brown-Kreiger', 28694, 5, 8824, 436901, 4, 'Molestiae omnis ullam aut delectus. Quia voluptas nemo sint aut vel incidunt. Exercitationem volupta', 'http://lorempixel.com/640/480/', 0, '2009-07-11 07:30:51', '1971-07-13 23:01:53');
INSERT INTO `Product` (`productID`, `display`, `priceIn`, `priceOut`, `priceSale`, `amount`, `shipday`, `description`, `images`, `deleted`, `create_at`, `update_at`) VALUES ('32e5712a-45de-3e04-966a-70464795152f', 'Bernier Ltd', 0, 17267401, 60, 29, 4, 'Ut ex aperiam reprehenderit dicta sit voluptates iure. Architecto corrupti molestias sint.', 'http://lorempixel.com/640/480/', 0, '1979-05-31 20:04:37', '1974-03-19 04:59:29');
INSERT INTO `Product` (`productID`, `display`, `priceIn`, `priceOut`, `priceSale`, `amount`, `shipday`, `description`, `images`, `deleted`, `create_at`, `update_at`) VALUES ('33c1a957-58df-37c9-b529-80406925fc1b', 'Durgan, Kohler and Lang', 128477125, 0, 7, 386158, 3, 'Et consequatur aliquam doloribus et tempore autem maxime. Corrupti quia dolorem amet at deserunt pos', 'http://lorempixel.com/640/480/', 0, '1970-06-30 09:58:08', '2020-08-20 04:36:34');
INSERT INTO `Product` (`productID`, `display`, `priceIn`, `priceOut`, `priceSale`, `amount`, `shipday`, `description`, `images`, `deleted`, `create_at`, `update_at`) VALUES ('3548a41c-db41-34b8-90c1-2e5d24c72548', 'Schaefer, Haag and Legros', 209, 0, 7094447, 677048574, 7, 'Voluptas occaecati facere enim nulla fugiat veniam. Animi dolore nihil et quia. Cum autem sit harum.', 'http://lorempixel.com/640/480/', 0, '1970-10-25 23:25:32', '1999-11-29 06:33:54');
INSERT INTO `Product` (`productID`, `display`, `priceIn`, `priceOut`, `priceSale`, `amount`, `shipday`, `description`, `images`, `deleted`, `create_at`, `update_at`) VALUES ('37fb4846-81b8-336c-9c9b-20808f41dc4a', 'Crist Inc', 556510, 769, 697, 278787055, 9, 'Ut dolore ipsam dolorum itaque. Dolorum omnis enim blanditiis. Soluta accusamus tempora in aut et vo', 'http://lorempixel.com/640/480/', 0, '1996-03-27 08:24:32', '1983-06-12 11:02:36');
INSERT INTO `Product` (`productID`, `display`, `priceIn`, `priceOut`, `priceSale`, `amount`, `shipday`, `description`, `images`, `deleted`, `create_at`, `update_at`) VALUES ('3a4d30af-fa70-3566-8002-e48e4fa7c5ab', 'Jenkins and Sons', 872087, 5, 35296091, 697743945, 6, 'Non inventore in ut officiis et eveniet. Recusandae molestiae cupiditate voluptatibus eum fugiat inv', 'http://lorempixel.com/640/480/', 0, '2002-07-26 16:36:29', '1996-06-02 01:01:20');
INSERT INTO `Product` (`productID`, `display`, `priceIn`, `priceOut`, `priceSale`, `amount`, `shipday`, `description`, `images`, `deleted`, `create_at`, `update_at`) VALUES ('3bac0d90-5468-3510-9b1d-7324944e63a4', 'Bosco PLC', 41, 450322151, 320256, 4320, 3, 'Corporis ut repellendus excepturi sint non. Veritatis magni reprehenderit velit alias. Autem molesti', 'http://lorempixel.com/640/480/', 0, '1993-05-12 23:15:54', '1986-10-11 23:03:36');
INSERT INTO `Product` (`productID`, `display`, `priceIn`, `priceOut`, `priceSale`, `amount`, `shipday`, `description`, `images`, `deleted`, `create_at`, `update_at`) VALUES ('4012de4c-0817-33b5-837a-632879dcdf9b', 'Bartoletti, Weber and Ankunding', 39495780, 650, 43, 91, 9, 'Quasi et nihil voluptatum non. Nam quis beatae inventore fugit odit itaque. Eveniet vitae eos corpor', 'http://lorempixel.com/640/480/', 0, '2009-07-21 07:34:42', '1985-06-05 12:00:22');
INSERT INTO `Product` (`productID`, `display`, `priceIn`, `priceOut`, `priceSale`, `amount`, `shipday`, `description`, `images`, `deleted`, `create_at`, `update_at`) VALUES ('401f636b-77f1-392b-885d-473f46d8637d', 'Baumbach and Sons', 9626, 1, 7069555, 4787, 7, 'Itaque iure sint nostrum tempore libero incidunt. Saepe qui velit qui vitae accusantium nihil. Quo s', 'http://lorempixel.com/640/480/', 0, '1977-09-17 20:39:30', '2000-06-05 05:33:41');
INSERT INTO `Product` (`productID`, `display`, `priceIn`, `priceOut`, `priceSale`, `amount`, `shipday`, `description`, `images`, `deleted`, `create_at`, `update_at`) VALUES ('43965d1a-4a06-3209-af65-ea4faad4d5e5', 'Rippin-Emmerich', 156997730, 6137445, 41627810, 655, 6, 'Natus dolore et delectus. Est est enim vitae voluptas architecto. Accusantium nesciunt soluta magnam', 'http://lorempixel.com/640/480/', 0, '2018-09-29 02:09:19', '1995-09-18 11:16:26');
INSERT INTO `Product` (`productID`, `display`, `priceIn`, `priceOut`, `priceSale`, `amount`, `shipday`, `description`, `images`, `deleted`, `create_at`, `update_at`) VALUES ('514c39b7-cc4a-3acc-8113-3bf49680587c', 'Huel, Bashirian and Howell', 524538, 6418, 0, 24781, 5, 'Sed possimus repellendus autem quia commodi dicta. Blanditiis omnis error aut hic voluptatum volupta', 'http://lorempixel.com/640/480/', 0, '1971-09-19 10:52:19', '1999-09-07 08:16:37');
INSERT INTO `Product` (`productID`, `display`, `priceIn`, `priceOut`, `priceSale`, `amount`, `shipday`, `description`, `images`, `deleted`, `create_at`, `update_at`) VALUES ('53f2d147-4364-3421-a7d3-4f777bc2aca7', 'Goodwin-Wilderman', 18, 7, 454, 293688, 2, 'Beatae accusantium natus vero rerum possimus. Et doloremque dolorem in nihil unde unde placeat. Non ', 'http://lorempixel.com/640/480/', 0, '1971-12-12 22:11:56', '2007-08-06 19:10:08');
INSERT INTO `Product` (`productID`, `display`, `priceIn`, `priceOut`, `priceSale`, `amount`, `shipday`, `description`, `images`, `deleted`, `create_at`, `update_at`) VALUES ('54477428-68f3-3e7e-a79d-982a875ce529', 'Connelly-Lueilwitz', 49932, 30, 246291649, 93075099, 2, 'Quidem labore quibusdam omnis tenetur. Atque dolorem quisquam eius. Aut consectetur voluptates rerum', 'http://lorempixel.com/640/480/', 0, '1983-03-29 12:22:33', '1985-03-14 16:53:17');
INSERT INTO `Product` (`productID`, `display`, `priceIn`, `priceOut`, `priceSale`, `amount`, `shipday`, `description`, `images`, `deleted`, `create_at`, `update_at`) VALUES ('5606d21f-3fb7-3379-8f6a-74c4d095de92', 'Welch, Gerlach and Dietrich', 1, 62973290, 127795, 4241, 1, 'Nemo suscipit facere esse voluptatibus. Neque dolores molestiae et tempore sed quaerat. Excepturi od', 'http://lorempixel.com/640/480/', 0, '2014-03-08 20:04:35', '1997-12-28 15:18:52');
INSERT INTO `Product` (`productID`, `display`, `priceIn`, `priceOut`, `priceSale`, `amount`, `shipday`, `description`, `images`, `deleted`, `create_at`, `update_at`) VALUES ('5a9c7126-2aab-332a-8d5e-f702aa0bddfd', 'Okuneva-Block', 0, 98088, 91548201, 94017559, 6, 'Nihil occaecati ab asperiores inventore hic amet ut. Dolorem itaque maxime eos necessitatibus labore', 'http://lorempixel.com/640/480/', 0, '1974-07-17 18:16:04', '1991-04-08 17:22:28');
INSERT INTO `Product` (`productID`, `display`, `priceIn`, `priceOut`, `priceSale`, `amount`, `shipday`, `description`, `images`, `deleted`, `create_at`, `update_at`) VALUES ('5cd35235-5e8e-389d-a8c0-dee60d474839', 'Cremin-Mraz', 4, 9001, 972836214, 1764698, 6, 'Dolor ipsam et ratione dolorem perspiciatis culpa molestiae. Inventore aliquid vel laborum mollitia ', 'http://lorempixel.com/640/480/', 0, '2001-05-12 14:44:32', '1994-03-15 11:03:37');
INSERT INTO `Product` (`productID`, `display`, `priceIn`, `priceOut`, `priceSale`, `amount`, `shipday`, `description`, `images`, `deleted`, `create_at`, `update_at`) VALUES ('5e74094d-6b23-322d-b7d6-006af4e16619', 'Kuphal-Thiel', 32788266, 1708, 606, 2, 4, 'Quibusdam sapiente voluptatibus a dignissimos. Qui iure suscipit et et laudantium. Nesciunt sint nul', 'http://lorempixel.com/640/480/', 0, '2020-01-26 01:43:25', '2018-03-31 03:06:18');
INSERT INTO `Product` (`productID`, `display`, `priceIn`, `priceOut`, `priceSale`, `amount`, `shipday`, `description`, `images`, `deleted`, `create_at`, `update_at`) VALUES ('5eff325d-09dc-3b5e-8b52-76a6b6978f7c', 'Gerlach, Greenholt and Kulas', 1370, 395, 540366, 869408628, 7, 'Earum voluptas repellendus ut eos. Et nostrum quia et incidunt. Iusto adipisci dolores nulla iste ex', 'http://lorempixel.com/640/480/', 0, '1998-01-17 08:13:20', '1978-01-25 20:19:39');
INSERT INTO `Product` (`productID`, `display`, `priceIn`, `priceOut`, `priceSale`, `amount`, `shipday`, `description`, `images`, `deleted`, `create_at`, `update_at`) VALUES ('61361698-ca94-3d7e-b09e-92c2c30570e2', 'Huel-Harvey', 739, 7968, 639, 0, 5, 'Optio eum sunt animi architecto similique vel. Aspernatur dicta consectetur nemo omnis. Dignissimos ', 'http://lorempixel.com/640/480/', 0, '2020-04-08 19:10:41', '2010-01-18 22:23:52');
INSERT INTO `Product` (`productID`, `display`, `priceIn`, `priceOut`, `priceSale`, `amount`, `shipday`, `description`, `images`, `deleted`, `create_at`, `update_at`) VALUES ('62861787-857a-3693-b496-8d75ec3a3027', 'Friesen and Sons', 54501512, 17, 67, 663844, 9, 'Error labore distinctio quas odio explicabo ut. Illum voluptates qui doloremque consectetur error co', 'http://lorempixel.com/640/480/', 0, '2005-01-08 14:45:47', '2006-09-19 03:34:37');
INSERT INTO `Product` (`productID`, `display`, `priceIn`, `priceOut`, `priceSale`, `amount`, `shipday`, `description`, `images`, `deleted`, `create_at`, `update_at`) VALUES ('65e72e43-b364-3de5-bf80-ff8db54ef26b', 'Hackett LLC', 80986189, 96048, 4426, 10, 7, 'Numquam ea ad earum architecto illo vel maiores. Quia impedit autem quos consequatur. Doloribus sed ', 'http://lorempixel.com/640/480/', 0, '1978-07-16 06:00:30', '2018-01-11 02:16:30');
INSERT INTO `Product` (`productID`, `display`, `priceIn`, `priceOut`, `priceSale`, `amount`, `shipday`, `description`, `images`, `deleted`, `create_at`, `update_at`) VALUES ('66075830-6e30-3fb8-837f-a61adb45678c', 'Will PLC', 8249090, 3619, 8612, 959727, 7, 'Et maxime non magni saepe vitae. Maxime accusamus sint laboriosam aut ut laudantium expedita. Accusa', 'http://lorempixel.com/640/480/', 0, '1992-02-20 17:21:18', '1988-09-14 19:50:19');
INSERT INTO `Product` (`productID`, `display`, `priceIn`, `priceOut`, `priceSale`, `amount`, `shipday`, `description`, `images`, `deleted`, `create_at`, `update_at`) VALUES ('6a8b080e-c65f-3171-ad86-f42088725612', 'Kshlerin, Considine and Emard', 96108, 0, 0, 44438915, 8, 'Ut laboriosam praesentium vitae quasi qui ipsum nihil. Autem laudantium hic laborum soluta accusamus', 'http://lorempixel.com/640/480/', 0, '2013-03-24 16:15:35', '2003-05-02 00:10:25');
INSERT INTO `Product` (`productID`, `display`, `priceIn`, `priceOut`, `priceSale`, `amount`, `shipday`, `description`, `images`, `deleted`, `create_at`, `update_at`) VALUES ('6b021007-cee2-3326-8eef-fc984c131dc7', 'Mohr LLC', 498155, 796, 78, 12111, 2, 'Perspiciatis est id beatae perferendis aut. Ut ut voluptatem ut odio optio velit laboriosam. Possimu', 'http://lorempixel.com/640/480/', 0, '1970-02-07 10:09:33', '1981-03-17 01:44:57');
INSERT INTO `Product` (`productID`, `display`, `priceIn`, `priceOut`, `priceSale`, `amount`, `shipday`, `description`, `images`, `deleted`, `create_at`, `update_at`) VALUES ('6e9da900-b3d1-3089-a0bc-b4edd8ce4324', 'Buckridge-Simonis', 7930867, 192, 84069, 69401339, 6, 'Aut maxime dolore animi. Doloremque ut eaque voluptatem sed ad enim.', 'http://lorempixel.com/640/480/', 0, '1975-10-07 13:56:13', '2002-05-24 16:25:33');
INSERT INTO `Product` (`productID`, `display`, `priceIn`, `priceOut`, `priceSale`, `amount`, `shipday`, `description`, `images`, `deleted`, `create_at`, `update_at`) VALUES ('72a3a644-d5da-3d41-a361-f4a123ac1a36', 'Rau-Schmitt', 85883, 23700427, 6604, 1075, 1, 'Ipsum reiciendis sit quam. Impedit molestiae et sit dolorem pariatur iure. Facere est eveniet vitae ', 'http://lorempixel.com/640/480/', 0, '2002-01-24 21:15:16', '2004-11-27 16:24:53');
INSERT INTO `Product` (`productID`, `display`, `priceIn`, `priceOut`, `priceSale`, `amount`, `shipday`, `description`, `images`, `deleted`, `create_at`, `update_at`) VALUES ('73bd8771-16b5-33a7-aed6-ad095d6d47e0', 'O\'Hara-Jacobson', 6107854, 425, 3118241, 55875, 5, 'Vero reprehenderit et amet sequi. Aspernatur libero ipsa nemo est. Consequatur accusamus cupiditate ', 'http://lorempixel.com/640/480/', 0, '2014-07-17 14:37:22', '1994-04-10 19:58:32');
INSERT INTO `Product` (`productID`, `display`, `priceIn`, `priceOut`, `priceSale`, `amount`, `shipday`, `description`, `images`, `deleted`, `create_at`, `update_at`) VALUES ('77ff49bb-7463-3db9-a98d-45057f6e41dd', 'Connelly, Schmeler and Morissette', 1639, 5469, 192, 5047847, 9, 'Nam minus magni voluptatem architecto et similique. Et id nesciunt nemo accusamus debitis molestiae.', 'http://lorempixel.com/640/480/', 0, '1986-09-18 00:03:22', '2015-05-01 19:52:04');
INSERT INTO `Product` (`productID`, `display`, `priceIn`, `priceOut`, `priceSale`, `amount`, `shipday`, `description`, `images`, `deleted`, `create_at`, `update_at`) VALUES ('7ae0e295-5f8e-37db-996d-d112b8a88502', 'Ruecker-Koepp', 88245, 94720951, 0, 0, 4, 'Consequatur voluptate dolores reprehenderit illum incidunt rem consequatur. Ad ad dignissimos sapien', 'http://lorempixel.com/640/480/', 0, '2011-03-15 08:01:35', '1977-07-02 22:11:08');
INSERT INTO `Product` (`productID`, `display`, `priceIn`, `priceOut`, `priceSale`, `amount`, `shipday`, `description`, `images`, `deleted`, `create_at`, `update_at`) VALUES ('7dd3720b-0aad-3ebf-816c-bc550db0a269', 'Sporer LLC', 0, 2949265, 33, 2646540, 9, 'Ut omnis voluptas vel consequatur tenetur. Aliquid quia nemo recusandae est id velit. Nobis quia con', 'http://lorempixel.com/640/480/', 0, '2009-02-03 13:53:50', '1970-10-29 13:53:37');
INSERT INTO `Product` (`productID`, `display`, `priceIn`, `priceOut`, `priceSale`, `amount`, `shipday`, `description`, `images`, `deleted`, `create_at`, `update_at`) VALUES ('7fe2a6f5-c818-35f9-8e21-8d10e0ba7ddb', 'Bauch-Kunde', 396, 82, 22199651, 0, 9, 'Illum necessitatibus iure quia unde. Vel doloribus doloremque sed consequuntur. Aut sint repellat im', 'http://lorempixel.com/640/480/', 0, '1984-03-06 09:24:34', '2000-07-02 04:39:55');
INSERT INTO `Product` (`productID`, `display`, `priceIn`, `priceOut`, `priceSale`, `amount`, `shipday`, `description`, `images`, `deleted`, `create_at`, `update_at`) VALUES ('8125e19f-c1a7-374e-9d4d-d1535f92932f', 'Bogisich Ltd', 26002535, 0, 0, 9882213, 6, 'Omnis vel neque quia culpa dolorum magnam. Eum debitis sed consequatur repellat sint. Exercitationem', 'http://lorempixel.com/640/480/', 0, '2008-05-31 10:21:17', '1972-05-16 11:11:19');
INSERT INTO `Product` (`productID`, `display`, `priceIn`, `priceOut`, `priceSale`, `amount`, `shipday`, `description`, `images`, `deleted`, `create_at`, `update_at`) VALUES ('91d882f9-9fc8-3102-87d4-5d27a065f5ff', 'Kub, Ziemann and Waelchi', 96, 39130314, 529483, 3667330, 9, 'Accusamus sed nisi quia harum praesentium molestias sit. Et facilis delectus vel aut et quod illo. C', 'http://lorempixel.com/640/480/', 0, '2010-12-10 15:21:36', '2016-06-29 11:02:40');
INSERT INTO `Product` (`productID`, `display`, `priceIn`, `priceOut`, `priceSale`, `amount`, `shipday`, `description`, `images`, `deleted`, `create_at`, `update_at`) VALUES ('9517f71a-022e-38e4-900a-f38434957c16', 'Pfannerstill and Sons', 290244, 0, 38719, 251402, 4, 'Tempora molestias et quasi nemo ut cupiditate culpa quia. Commodi autem animi dolorem perspiciatis c', 'http://lorempixel.com/640/480/', 0, '1993-12-31 20:16:27', '1981-10-08 16:22:11');
INSERT INTO `Product` (`productID`, `display`, `priceIn`, `priceOut`, `priceSale`, `amount`, `shipday`, `description`, `images`, `deleted`, `create_at`, `update_at`) VALUES ('956fc1f2-8e9e-33db-b9fc-eb28b07502db', 'Howe PLC', 525394, 3627, 3, 7352, 4, 'Accusamus nesciunt incidunt corporis quo maxime. Et quia placeat assumenda eaque sint eaque id. Repe', 'http://lorempixel.com/640/480/', 0, '2010-11-21 06:33:53', '1971-12-30 22:22:11');
INSERT INTO `Product` (`productID`, `display`, `priceIn`, `priceOut`, `priceSale`, `amount`, `shipday`, `description`, `images`, `deleted`, `create_at`, `update_at`) VALUES ('96768ad1-8d89-39b5-a456-f766f251277e', 'Tromp, Morar and Rutherford', 30365, 94532, 5, 14325, 3, 'Et aut sed omnis commodi harum dolorum. Explicabo provident aliquam perferendis cupiditate ullam sol', 'http://lorempixel.com/640/480/', 0, '2004-01-08 13:00:30', '1980-11-18 01:47:29');
INSERT INTO `Product` (`productID`, `display`, `priceIn`, `priceOut`, `priceSale`, `amount`, `shipday`, `description`, `images`, `deleted`, `create_at`, `update_at`) VALUES ('98ef591e-730d-37c6-ae7e-108ce76701e0', 'Kuvalis, Torphy and Gulgowski', 295, 0, 21623, 820114167, 7, 'Ea repellat dolorem modi veniam eum itaque ipsam adipisci. Iusto enim rerum quia sed. Corrupti illo ', 'http://lorempixel.com/640/480/', 0, '1986-03-23 00:31:44', '2019-12-13 13:47:02');
INSERT INTO `Product` (`productID`, `display`, `priceIn`, `priceOut`, `priceSale`, `amount`, `shipday`, `description`, `images`, `deleted`, `create_at`, `update_at`) VALUES ('992b485b-1286-329d-a6b5-e06f081d30a7', 'Armstrong PLC', 0, 211027, 99, 32664973, 3, 'Et ut nisi molestiae. Aliquam voluptates doloremque dolore voluptatem dolorum. Quasi facere sed amet', 'http://lorempixel.com/640/480/', 0, '2007-10-27 10:17:12', '1973-03-03 09:42:23');
INSERT INTO `Product` (`productID`, `display`, `priceIn`, `priceOut`, `priceSale`, `amount`, `shipday`, `description`, `images`, `deleted`, `create_at`, `update_at`) VALUES ('9b91fb2f-ab29-3895-99db-100f1da976cb', 'Marvin Group', 12140, 395163225, 20598293, 287, 7, 'Ea consectetur non et quisquam est aut illum quia. Atque cumque sapiente vero nesciunt aspernatur re', 'http://lorempixel.com/640/480/', 0, '1979-04-26 10:33:51', '2009-04-11 19:15:18');
INSERT INTO `Product` (`productID`, `display`, `priceIn`, `priceOut`, `priceSale`, `amount`, `shipday`, `description`, `images`, `deleted`, `create_at`, `update_at`) VALUES ('9bbc7aac-0160-3458-ae08-2174503e02c7', 'Boehm Inc', 93779438, 2, 67697346, 281, 8, 'Vero possimus quo est veniam nostrum. Rem quia quisquam reiciendis officiis velit eum ab. Illum ab v', 'http://lorempixel.com/640/480/', 0, '1993-08-30 18:38:12', '1985-05-05 10:45:01');
INSERT INTO `Product` (`productID`, `display`, `priceIn`, `priceOut`, `priceSale`, `amount`, `shipday`, `description`, `images`, `deleted`, `create_at`, `update_at`) VALUES ('9e647c76-d7f9-3aaf-93a7-eb1cec594983', 'Abernathy and Sons', 0, 9, 558, 3, 8, 'Sit quaerat minima sunt et velit enim odit. Porro vel accusamus cum voluptas accusamus. Ipsam est ex', 'http://lorempixel.com/640/480/', 0, '1994-07-31 14:06:07', '2000-09-25 19:58:20');
INSERT INTO `Product` (`productID`, `display`, `priceIn`, `priceOut`, `priceSale`, `amount`, `shipday`, `description`, `images`, `deleted`, `create_at`, `update_at`) VALUES ('9eb25483-742f-3ee9-80ee-5137843bf9ff', 'Funk, Predovic and Harris', 8, 0, 797, 494813, 7, 'Sit nisi labore qui soluta. Nobis sunt voluptatem exercitationem sunt. Qui quis molestias ut.', 'http://lorempixel.com/640/480/', 0, '2013-05-22 16:05:56', '2016-11-20 14:16:03');
INSERT INTO `Product` (`productID`, `display`, `priceIn`, `priceOut`, `priceSale`, `amount`, `shipday`, `description`, `images`, `deleted`, `create_at`, `update_at`) VALUES ('9f25965d-1ae7-39b1-bab7-264e66d594d1', 'Yost-Stehr', 82310471, 8, 940, 66, 2, 'Sit culpa voluptates commodi vel est reprehenderit velit. Quae ipsam aut optio molestiae dolore. Aut', 'http://lorempixel.com/640/480/', 0, '2002-01-04 16:33:46', '1985-03-04 14:31:05');
INSERT INTO `Product` (`productID`, `display`, `priceIn`, `priceOut`, `priceSale`, `amount`, `shipday`, `description`, `images`, `deleted`, `create_at`, `update_at`) VALUES ('a468a240-11fb-33cc-9edd-1f1576918c6a', 'Harvey-Haag', 7137262, 6617, 38, 417, 8, 'Et non quia eum in voluptas. Rerum et nihil quam dolorum culpa sed alias velit. Quo quisquam itaque ', 'http://lorempixel.com/640/480/', 0, '1999-06-29 04:09:04', '1971-03-16 22:27:20');
INSERT INTO `Product` (`productID`, `display`, `priceIn`, `priceOut`, `priceSale`, `amount`, `shipday`, `description`, `images`, `deleted`, `create_at`, `update_at`) VALUES ('a4b144a3-f05d-3a39-a18a-5016d0518d2a', 'Kunde LLC', 22261605, 8, 595760296, 90, 7, 'Blanditiis non similique eveniet vel expedita consequatur. Quia est accusantium ut voluptas adipisci', 'http://lorempixel.com/640/480/', 0, '2002-04-22 00:06:55', '2005-07-17 13:31:47');
INSERT INTO `Product` (`productID`, `display`, `priceIn`, `priceOut`, `priceSale`, `amount`, `shipday`, `description`, `images`, `deleted`, `create_at`, `update_at`) VALUES ('a8d20b7a-7f0f-31b6-95e4-591e61cb6191', 'Leannon-King', 64496, 58572032, 84941, 98, 7, 'Eum cumque voluptatum sint at sunt recusandae. Voluptatem sit qui doloribus eum. Autem sint repellat', 'http://lorempixel.com/640/480/', 0, '1992-08-06 00:12:02', '1984-01-21 18:24:49');
INSERT INTO `Product` (`productID`, `display`, `priceIn`, `priceOut`, `priceSale`, `amount`, `shipday`, `description`, `images`, `deleted`, `create_at`, `update_at`) VALUES ('a9166344-d0d8-3f3f-a2cf-f7609155720e', 'Halvorson Group', 177272, 389, 4288, 3, 4, 'Dignissimos neque aut expedita et. Enim et distinctio dolore quis sit. Libero veritatis expedita ut ', 'http://lorempixel.com/640/480/', 0, '2001-05-03 06:20:02', '2014-02-13 01:37:09');
INSERT INTO `Product` (`productID`, `display`, `priceIn`, `priceOut`, `priceSale`, `amount`, `shipday`, `description`, `images`, `deleted`, `create_at`, `update_at`) VALUES ('aa53eefa-a98e-36e9-900a-02b76be228a9', 'Willms-Bauch', 0, 855106, 0, 2, 2, 'Doloribus nostrum illo sint itaque. Incidunt aut ipsum et sint quia vel voluptas harum. Velit qui si', 'http://lorempixel.com/640/480/', 0, '2007-08-04 23:30:31', '2001-12-01 21:22:56');
INSERT INTO `Product` (`productID`, `display`, `priceIn`, `priceOut`, `priceSale`, `amount`, `shipday`, `description`, `images`, `deleted`, `create_at`, `update_at`) VALUES ('ab219843-6e26-3646-9fd9-d6f2953b984c', 'Goodwin-Morissette', 345445, 450851, 497, 0, 3, 'Dolores sunt nostrum perferendis et voluptas perferendis. Laboriosam dolore nemo id ea voluptas laud', 'http://lorempixel.com/640/480/', 0, '1973-12-07 00:31:46', '2016-01-05 19:34:09');
INSERT INTO `Product` (`productID`, `display`, `priceIn`, `priceOut`, `priceSale`, `amount`, `shipday`, `description`, `images`, `deleted`, `create_at`, `update_at`) VALUES ('ab925a3e-ae0f-35a0-9924-c10677987125', 'Ledner-Stanton', 3710082, 0, 8850743, 377875989, 2, 'Iste mollitia beatae rerum officia totam ipsa. Ea rem iste rem unde eius laborum eum. Est dolor faci', 'http://lorempixel.com/640/480/', 0, '1985-11-24 07:21:49', '1987-01-10 22:29:56');
INSERT INTO `Product` (`productID`, `display`, `priceIn`, `priceOut`, `priceSale`, `amount`, `shipday`, `description`, `images`, `deleted`, `create_at`, `update_at`) VALUES ('ad1a8029-e5de-3176-8f18-6d74ed013d93', 'Harris-Heathcote', 678902, 541663, 519, 56695177, 3, 'Possimus molestiae eum atque quasi necessitatibus. Autem ducimus architecto vitae sed. Fuga ut eveni', 'http://lorempixel.com/640/480/', 0, '1977-10-21 21:47:00', '2007-05-27 14:00:24');
INSERT INTO `Product` (`productID`, `display`, `priceIn`, `priceOut`, `priceSale`, `amount`, `shipday`, `description`, `images`, `deleted`, `create_at`, `update_at`) VALUES ('b0615f5c-78c5-3d8b-89b1-dccad2cdab92', 'Murazik Group', 4, 47008, 54664397, 62358, 6, 'Sit rerum aut repellat minima voluptatem. Nihil aut quaerat quam labore. Autem nostrum aut blanditii', 'http://lorempixel.com/640/480/', 0, '2007-04-04 04:47:22', '1981-07-04 23:48:14');
INSERT INTO `Product` (`productID`, `display`, `priceIn`, `priceOut`, `priceSale`, `amount`, `shipday`, `description`, `images`, `deleted`, `create_at`, `update_at`) VALUES ('b4b76c5c-eefd-3bab-9560-55ec3dccb171', 'Cummings-Baumbach', 5, 71, 949858, 0, 4, 'Eveniet aperiam magni quo corporis ratione aliquam mollitia. Hic odit eveniet et molestiae distincti', 'http://lorempixel.com/640/480/', 0, '1970-02-01 21:05:31', '2015-12-14 19:46:41');
INSERT INTO `Product` (`productID`, `display`, `priceIn`, `priceOut`, `priceSale`, `amount`, `shipday`, `description`, `images`, `deleted`, `create_at`, `update_at`) VALUES ('b9a507a4-ecc8-3926-85c4-75d23ab1095f', 'Littel, Christiansen and Gorczany', 71816, 1, 926, 7492441, 6, 'Saepe modi dolor odit deleniti earum consequuntur similique. Nemo placeat dolore suscipit exercitati', 'http://lorempixel.com/640/480/', 0, '2006-07-24 14:04:50', '2002-03-03 18:50:21');
INSERT INTO `Product` (`productID`, `display`, `priceIn`, `priceOut`, `priceSale`, `amount`, `shipday`, `description`, `images`, `deleted`, `create_at`, `update_at`) VALUES ('ba7c3480-4a6e-3cda-939a-28235b40b5fa', 'Jerde-Fisher', 3627143, 1465, 46499957, 340040, 6, 'Culpa iste ex odit quas aspernatur ex. Eos consequatur iusto ut.', 'http://lorempixel.com/640/480/', 0, '1982-03-30 01:26:24', '1976-08-08 07:31:03');
INSERT INTO `Product` (`productID`, `display`, `priceIn`, `priceOut`, `priceSale`, `amount`, `shipday`, `description`, `images`, `deleted`, `create_at`, `update_at`) VALUES ('bab148a0-a3f8-334b-913c-8fc4de4ab09f', 'Gulgowski, Paucek and Feil', 815217068, 82836217, 7565, 18242626, 1, 'Et doloribus aut id nam assumenda. Earum modi et excepturi natus. Et facilis dolore rerum. Alias vol', 'http://lorempixel.com/640/480/', 0, '1979-12-21 10:33:13', '2013-07-01 23:34:41');
INSERT INTO `Product` (`productID`, `display`, `priceIn`, `priceOut`, `priceSale`, `amount`, `shipday`, `description`, `images`, `deleted`, `create_at`, `update_at`) VALUES ('bd75bea2-8969-3b1b-92df-68dbd702c98e', 'Hamill, Hyatt and Hoeger', 4142, 69, 0, 591519825, 2, 'Qui velit nihil ipsa nostrum molestiae. Neque doloremque reiciendis ipsum dicta illum. Est ad commod', 'http://lorempixel.com/640/480/', 0, '1974-06-02 06:46:17', '2002-02-26 00:53:02');
INSERT INTO `Product` (`productID`, `display`, `priceIn`, `priceOut`, `priceSale`, `amount`, `shipday`, `description`, `images`, `deleted`, `create_at`, `update_at`) VALUES ('bd8ebaf3-b3ab-34ca-af52-ece1d138962f', 'Bauch and Sons', 0, 93049585, 6023592, 938334, 3, 'Sed soluta omnis quis voluptatem officia et quasi. Dolorem explicabo voluptatem aut quasi. Magnam se', 'http://lorempixel.com/640/480/', 0, '1980-09-14 19:49:43', '1992-09-14 23:43:48');
INSERT INTO `Product` (`productID`, `display`, `priceIn`, `priceOut`, `priceSale`, `amount`, `shipday`, `description`, `images`, `deleted`, `create_at`, `update_at`) VALUES ('bf0383ab-2999-316d-b6ed-05432538b528', 'Dach-Witting', 864, 9274, 346, 0, 9, 'Fugiat nobis accusamus assumenda quaerat suscipit sed distinctio. Vitae architecto soluta omnis recu', 'http://lorempixel.com/640/480/', 0, '1982-11-03 08:32:04', '1974-05-21 12:38:37');
INSERT INTO `Product` (`productID`, `display`, `priceIn`, `priceOut`, `priceSale`, `amount`, `shipday`, `description`, `images`, `deleted`, `create_at`, `update_at`) VALUES ('c2c45777-7a54-3642-adae-d95382deaf06', 'Schuppe-Lueilwitz', 429980, 4, 91, 0, 1, 'Veniam nostrum numquam veniam est. Modi et consectetur aliquid ipsa rerum voluptatibus accusamus. Co', 'http://lorempixel.com/640/480/', 0, '1985-02-27 19:36:52', '1973-12-22 10:59:08');
INSERT INTO `Product` (`productID`, `display`, `priceIn`, `priceOut`, `priceSale`, `amount`, `shipday`, `description`, `images`, `deleted`, `create_at`, `update_at`) VALUES ('c4797778-ab2b-312e-b7ce-d3c5aef02b15', 'Beatty PLC', 940416, 469424, 27, 76661, 8, 'Et dolores consequatur officia distinctio cumque blanditiis. Qui quae recusandae dolore dolore. Saep', 'http://lorempixel.com/640/480/', 0, '1987-03-29 05:39:34', '2012-10-25 09:41:42');
INSERT INTO `Product` (`productID`, `display`, `priceIn`, `priceOut`, `priceSale`, `amount`, `shipday`, `description`, `images`, `deleted`, `create_at`, `update_at`) VALUES ('c4c0e7cc-89a7-30f3-849c-67c35ba4ea52', 'Gleichner PLC', 4, 620222, 0, 935336, 8, 'Dolores ipsam in perspiciatis eligendi nesciunt similique ut. Ut quis nisi quos ut aut et et quidem.', 'http://lorempixel.com/640/480/', 0, '1977-05-25 17:02:45', '2006-04-04 01:02:40');
INSERT INTO `Product` (`productID`, `display`, `priceIn`, `priceOut`, `priceSale`, `amount`, `shipday`, `description`, `images`, `deleted`, `create_at`, `update_at`) VALUES ('c78d6006-be93-32c0-be53-f026107edec4', 'Walter Ltd', 1080780, 32188268, 0, 7650, 5, 'Adipisci omnis enim et tenetur repudiandae animi porro vitae. Voluptatum aut aut maxime occaecati. L', 'http://lorempixel.com/640/480/', 0, '1981-11-13 13:35:55', '2017-11-08 05:07:50');
INSERT INTO `Product` (`productID`, `display`, `priceIn`, `priceOut`, `priceSale`, `amount`, `shipday`, `description`, `images`, `deleted`, `create_at`, `update_at`) VALUES ('ce5ca078-d333-35cc-b43b-a26d60f6e3c9', 'Beahan and Sons', 45, 19968208, 57, 4756, 1, 'Quae fugiat aut veritatis voluptatem omnis maxime similique vel. Totam quae rerum dolorem porro. Sol', 'http://lorempixel.com/640/480/', 0, '1975-09-02 13:05:58', '1977-07-15 14:59:35');
INSERT INTO `Product` (`productID`, `display`, `priceIn`, `priceOut`, `priceSale`, `amount`, `shipday`, `description`, `images`, `deleted`, `create_at`, `update_at`) VALUES ('d0897c89-42a3-34fb-8db9-76f7f4649a9e', 'Barrows-Considine', 47413630, 4932998, 875328, 8932, 6, 'Harum ut rerum molestias ad qui quam omnis illo. Beatae rerum quae eaque totam reiciendis autem. In ', 'http://lorempixel.com/640/480/', 0, '2012-01-16 08:36:52', '2019-05-11 15:08:25');
INSERT INTO `Product` (`productID`, `display`, `priceIn`, `priceOut`, `priceSale`, `amount`, `shipday`, `description`, `images`, `deleted`, `create_at`, `update_at`) VALUES ('d14ad00a-4177-34b4-acf2-bd1397845dae', 'Lindgren-Deckow', 9391743, 786, 65, 968248565, 6, 'Rerum provident qui repellendus aliquam. Architecto dolores quaerat repudiandae rerum occaecati sint', 'http://lorempixel.com/640/480/', 0, '2002-10-31 20:21:19', '1993-02-06 02:29:58');
INSERT INTO `Product` (`productID`, `display`, `priceIn`, `priceOut`, `priceSale`, `amount`, `shipday`, `description`, `images`, `deleted`, `create_at`, `update_at`) VALUES ('d32f1a1e-9a40-389e-a0f0-6adc2b9151af', 'Kerluke, Jenkins and Jacobi', 7, 2, 28, 9969, 2, 'Rerum amet itaque tenetur voluptas alias iusto. Cum provident quos earum similique aspernatur id vol', 'http://lorempixel.com/640/480/', 0, '1974-01-13 15:47:44', '2017-07-06 21:07:29');
INSERT INTO `Product` (`productID`, `display`, `priceIn`, `priceOut`, `priceSale`, `amount`, `shipday`, `description`, `images`, `deleted`, `create_at`, `update_at`) VALUES ('dc99d834-c2c2-381c-816b-d26d5e5d1974', 'Lindgren-Hayes', 6147, 4542, 56, 358, 7, 'Et deserunt quia sunt ex. Vitae eligendi sint nihil ipsam accusantium voluptatem dolorem quam. Et ne', 'http://lorempixel.com/640/480/', 0, '1995-12-26 12:29:30', '1976-02-19 06:58:48');
INSERT INTO `Product` (`productID`, `display`, `priceIn`, `priceOut`, `priceSale`, `amount`, `shipday`, `description`, `images`, `deleted`, `create_at`, `update_at`) VALUES ('dcc4d6e7-08c9-3c2f-8c1f-942dfe68b4e5', 'Hagenes-Marquardt', 0, 237, 0, 81555, 9, 'Rem accusantium aut inventore pariatur enim. Aut asperiores eum assumenda qui doloremque reprehender', 'http://lorempixel.com/640/480/', 0, '1974-11-05 20:01:09', '2002-11-04 12:45:58');
INSERT INTO `Product` (`productID`, `display`, `priceIn`, `priceOut`, `priceSale`, `amount`, `shipday`, `description`, `images`, `deleted`, `create_at`, `update_at`) VALUES ('e09aa39f-874b-342f-a598-34fed46dbba8', 'Bartoletti-Smith', 414, 471, 0, 47168, 5, 'Blanditiis ipsa occaecati ea non et. Et veniam repudiandae odit vitae. Aut aut reiciendis laudantium', 'http://lorempixel.com/640/480/', 0, '1991-07-27 15:19:58', '1996-02-08 07:06:12');
INSERT INTO `Product` (`productID`, `display`, `priceIn`, `priceOut`, `priceSale`, `amount`, `shipday`, `description`, `images`, `deleted`, `create_at`, `update_at`) VALUES ('e3726850-e9ca-3f37-8e24-dc3041c30db2', 'Yost-Mayer', 9419, 165580, 0, 48847803, 5, 'Architecto recusandae porro corporis nemo iusto et enim. Ut non aut neque qui ut perferendis. Volupt', 'http://lorempixel.com/640/480/', 0, '1984-04-12 17:24:55', '2016-08-07 17:58:48');
INSERT INTO `Product` (`productID`, `display`, `priceIn`, `priceOut`, `priceSale`, `amount`, `shipday`, `description`, `images`, `deleted`, `create_at`, `update_at`) VALUES ('e5577d64-7e6d-3f22-b0e1-ba6abd9cfc20', 'Casper and Sons', 593, 459, 943826, 496870846, 6, 'Voluptatem asperiores officia neque voluptatem non. Alias pariatur perferendis impedit quia. Sunt vo', 'http://lorempixel.com/640/480/', 0, '1985-02-09 16:58:16', '1996-07-23 08:57:41');
INSERT INTO `Product` (`productID`, `display`, `priceIn`, `priceOut`, `priceSale`, `amount`, `shipday`, `description`, `images`, `deleted`, `create_at`, `update_at`) VALUES ('e5666f13-1db7-3f08-8584-5112432e4052', 'Boyle-Balistreri', 68592, 6804, 97, 844, 5, 'Eum suscipit libero eligendi molestiae distinctio. Itaque occaecati fugiat qui. Rerum nulla animi ni', 'http://lorempixel.com/640/480/', 0, '1974-03-21 08:36:28', '1970-10-13 03:46:08');
INSERT INTO `Product` (`productID`, `display`, `priceIn`, `priceOut`, `priceSale`, `amount`, `shipday`, `description`, `images`, `deleted`, `create_at`, `update_at`) VALUES ('e9376005-785e-352f-a575-dff6b2220d3f', 'Weissnat-Zieme', 0, 982, 69390132, 4701, 2, 'Rerum ipsam mollitia sit quis. Ab odit quasi velit blanditiis voluptatibus. Veritatis asperiores in ', 'http://lorempixel.com/640/480/', 0, '1994-05-01 14:24:16', '1975-03-18 12:15:24');
INSERT INTO `Product` (`productID`, `display`, `priceIn`, `priceOut`, `priceSale`, `amount`, `shipday`, `description`, `images`, `deleted`, `create_at`, `update_at`) VALUES ('ea862ac9-304a-371a-969e-5a360020fba1', 'Legros, Bartoletti and Terry', 271, 101665655, 6, 8440733, 3, 'Molestiae atque voluptas aut dolore. Qui blanditiis sit accusamus et.', 'http://lorempixel.com/640/480/', 0, '2008-09-28 04:35:50', '1999-10-11 01:08:37');
INSERT INTO `Product` (`productID`, `display`, `priceIn`, `priceOut`, `priceSale`, `amount`, `shipday`, `description`, `images`, `deleted`, `create_at`, `update_at`) VALUES ('ef50eea1-20c8-3e04-b21d-4dcc97fbaa85', 'Champlin-Friesen', 692832921, 203128477, 581, 294856305, 5, 'Tempore sunt itaque consequatur suscipit. Vitae beatae rerum aut dolorem blanditiis neque id. Quia s', 'http://lorempixel.com/640/480/', 0, '2013-05-10 09:39:51', '1980-11-24 21:45:22');
INSERT INTO `Product` (`productID`, `display`, `priceIn`, `priceOut`, `priceSale`, `amount`, `shipday`, `description`, `images`, `deleted`, `create_at`, `update_at`) VALUES ('f3f9dff3-ef6a-3f5d-a548-533b30eb05e1', 'Schuppe, Schroeder and Schinner', 169391100, 0, 7509651, 558564, 8, 'Voluptas inventore nesciunt excepturi in illo. Necessitatibus sed enim maxime aliquam quidem. Sunt i', 'http://lorempixel.com/640/480/', 0, '1985-01-04 06:43:08', '2012-11-05 23:04:39');
INSERT INTO `Product` (`productID`, `display`, `priceIn`, `priceOut`, `priceSale`, `amount`, `shipday`, `description`, `images`, `deleted`, `create_at`, `update_at`) VALUES ('f49165c5-934f-3c2a-b89b-aad3890003cf', 'Lang and Sons', 814407, 105305012, 98769926, 91557, 4, 'Dolores consequuntur voluptatibus ex possimus aut. Facere veritatis non perspiciatis. Quam consectet', 'http://lorempixel.com/640/480/', 0, '2015-08-21 07:16:25', '1995-01-07 09:54:37');
INSERT INTO `Product` (`productID`, `display`, `priceIn`, `priceOut`, `priceSale`, `amount`, `shipday`, `description`, `images`, `deleted`, `create_at`, `update_at`) VALUES ('f9c2eaef-5748-3fd2-9167-0308bb5e4d88', 'Fahey, Shields and Rippin', 2081, 982314818, 0, 350, 8, 'Veniam quae ut dolorem enim. Mollitia doloribus ut vero quae sit nihil possimus voluptatem. Sint aut', 'http://lorempixel.com/640/480/', 0, '1993-05-22 02:32:42', '1992-07-24 15:55:02');
INSERT INTO `Product` (`productID`, `display`, `priceIn`, `priceOut`, `priceSale`, `amount`, `shipday`, `description`, `images`, `deleted`, `create_at`, `update_at`) VALUES ('fcd9b342-96fb-37a5-995a-b063394488cd', 'Beahan and Sons', 5, 37701009, 33, 8, 3, 'Fuga sit consequuntur eveniet aperiam. Impedit perferendis atque architecto. Est nobis sit ducimus l', 'http://lorempixel.com/640/480/', 0, '2008-11-30 03:29:28', '2013-01-23 06:57:00');
INSERT INTO `Product` (`productID`, `display`, `priceIn`, `priceOut`, `priceSale`, `amount`, `shipday`, `description`, `images`, `deleted`, `create_at`, `update_at`) VALUES ('fd494754-6f93-314f-b5a3-12ed276bf0b7', 'Weimann PLC', 26445149, 3339455, 293068, 91667, 4, 'Aut sit fuga tempore quidem earum ut. Voluptas et eveniet qui maxime accusantium voluptatum. Tempori', 'http://lorempixel.com/640/480/', 0, '2005-09-01 23:44:19', '1998-03-10 10:37:48');
INSERT INTO `Product` (`productID`, `display`, `priceIn`, `priceOut`, `priceSale`, `amount`, `shipday`, `description`, `images`, `deleted`, `create_at`, `update_at`) VALUES ('fe30d910-5102-3a32-b282-1e0d0aae7100', 'Wilkinson PLC', 755, 385588, 53639073, 8145, 3, 'Adipisci dignissimos quis dolorem vero ea consequatur. A commodi voluptatem quisquam soluta ex debit', 'http://lorempixel.com/640/480/', 0, '1999-11-30 22:58:59', '1987-04-01 00:07:47');


#
# TABLE STRUCTURE FOR: Receipt
#

DROP TABLE IF EXISTS `Receipt`;

CREATE TABLE `Receipt` (
  `saleID` varchar(100) CHARACTER SET utf8 NOT NULL,
  `productID` varchar(100) CHARACTER SET utf8 DEFAULT NULL,
  `accountID` varchar(100) CHARACTER SET utf8 DEFAULT NULL,
  `price` int(11) DEFAULT NULL,
  `status` varchar(100) CHARACTER SET utf8 DEFAULT NULL,
  `deleted` tinyint(4) DEFAULT 0,
  `create_at` timestamp NOT NULL DEFAULT current_timestamp(),
  `update_at` timestamp NOT NULL DEFAULT current_timestamp() ON UPDATE current_timestamp(),
  PRIMARY KEY (`saleID`),
  KEY `productID` (`productID`),
  KEY `accountID` (`accountID`),
  CONSTRAINT `Receipt_ibfk_1` FOREIGN KEY (`productID`) REFERENCES `Product` (`productID`),
  CONSTRAINT `Receipt_ibfk_2` FOREIGN KEY (`accountID`) REFERENCES `Account` (`accountID`)
) ENGINE=InnoDB DEFAULT CHARSET=utf8 COLLATE=utf8_unicode_ci;

INSERT INTO `Receipt` (`saleID`, `productID`, `accountID`, `price`, `status`, `deleted`, `create_at`, `update_at`) VALUES ('02a42893-cdc5-36b8-b451-8567f33cadb4', '7ae0e295-5f8e-37db-996d-d112b8a88502', '75dd40ee-8c31-35cd-bc8a-97b0763de2bd', 55631, 'Nam illo illum amet minus et.', 0, '2007-08-24 00:31:53', '1983-03-30 00:02:54');
INSERT INTO `Receipt` (`saleID`, `productID`, `accountID`, `price`, `status`, `deleted`, `create_at`, `update_at`) VALUES ('0c141d36-97eb-3df4-bb70-6577b55cb38c', '96768ad1-8d89-39b5-a456-f766f251277e', '385a3c0c-4551-3dfc-bf68-3f9fed92db63', 87295785, 'Quia asperiores nemo natus sapiente sequi iste.', 0, '2018-01-25 08:11:41', '2009-01-20 05:01:49');
INSERT INTO `Receipt` (`saleID`, `productID`, `accountID`, `price`, `status`, `deleted`, `create_at`, `update_at`) VALUES ('0d09874e-98a9-3b91-85c3-e6aec2490b6f', '401f636b-77f1-392b-885d-473f46d8637d', '75dd40ee-8c31-35cd-bc8a-97b0763de2bd', 488, 'Nihil fugit fuga assumenda voluptas exercitationem.', 0, '2013-03-31 13:02:50', '1977-09-23 06:25:44');
INSERT INTO `Receipt` (`saleID`, `productID`, `accountID`, `price`, `status`, `deleted`, `create_at`, `update_at`) VALUES ('0d5dfbf8-a68b-3f12-9051-100d3d37229e', '514c39b7-cc4a-3acc-8113-3bf49680587c', 'cfceb1b0-e316-3783-a090-c1a51bf1ce71', 66635043, 'Maxime fuga exercitationem minima asperiores odit eos.', 0, '1987-03-02 11:20:15', '2001-12-09 11:59:36');
INSERT INTO `Receipt` (`saleID`, `productID`, `accountID`, `price`, `status`, `deleted`, `create_at`, `update_at`) VALUES ('0e3163ff-a01b-3c1c-86df-e63adfeca005', 'ab925a3e-ae0f-35a0-9924-c10677987125', 'a6c0c3f9-e5d6-3a40-bb28-aa0cc36a2ca4', 53614, 'Sit neque nisi distinctio repudiandae explicabo enim neque.', 0, '2008-05-13 19:35:25', '2009-06-05 05:03:12');
INSERT INTO `Receipt` (`saleID`, `productID`, `accountID`, `price`, `status`, `deleted`, `create_at`, `update_at`) VALUES ('108f6b25-f4bf-3a84-b4d3-7c9c4f5669a0', 'b0615f5c-78c5-3d8b-89b1-dccad2cdab92', 'd767c0b7-6ef8-3c87-8e9d-40b63cd901f1', 91, 'Qui aut quo molestiae ut repellendus id.', 0, '1984-11-26 19:50:39', '1983-08-27 04:31:58');
INSERT INTO `Receipt` (`saleID`, `productID`, `accountID`, `price`, `status`, `deleted`, `create_at`, `update_at`) VALUES ('11589312-b7ed-352d-9c1f-881a2a89a6b2', '6e9da900-b3d1-3089-a0bc-b4edd8ce4324', '2f1f5e14-5481-3028-9031-9d17b08ea679', 0, 'Corrupti dolor unde qui esse.', 0, '2013-02-16 19:36:39', '1999-04-20 10:41:33');
INSERT INTO `Receipt` (`saleID`, `productID`, `accountID`, `price`, `status`, `deleted`, `create_at`, `update_at`) VALUES ('126c08df-9d84-35b2-9963-724016df6b76', '199c54e2-411d-3e3b-b6df-b5a255da689b', '2f1f5e14-5481-3028-9031-9d17b08ea679', 9153, 'Mollitia quo repudiandae quis.', 0, '1991-11-03 23:37:51', '2019-08-04 07:21:46');
INSERT INTO `Receipt` (`saleID`, `productID`, `accountID`, `price`, `status`, `deleted`, `create_at`, `update_at`) VALUES ('130d5849-f412-3ca8-aa5e-4f41b1394337', '9bbc7aac-0160-3458-ae08-2174503e02c7', 'a6c0c3f9-e5d6-3a40-bb28-aa0cc36a2ca4', 26300, 'Odio enim molestiae sed qui officia beatae animi.', 0, '1973-04-07 16:52:13', '1983-10-28 23:26:44');
INSERT INTO `Receipt` (`saleID`, `productID`, `accountID`, `price`, `status`, `deleted`, `create_at`, `update_at`) VALUES ('1ae05c90-eaec-3bfc-a688-a460a0857bc5', '04f2efe7-039a-3a3c-9a77-e2c6fd3a047e', '385a3c0c-4551-3dfc-bf68-3f9fed92db63', 622, 'Quis et nemo ipsum in quibusdam.', 0, '2002-07-29 07:07:36', '2002-11-23 16:25:41');
INSERT INTO `Receipt` (`saleID`, `productID`, `accountID`, `price`, `status`, `deleted`, `create_at`, `update_at`) VALUES ('1c777f8a-1494-35dc-bf9a-de734102fd62', '21d0e2ec-7ae5-3efb-937c-48cd52623eb2', '3f7c6aa7-030b-3ff9-9e19-7b03354034e4', 324, 'Perspiciatis ratione aut fuga qui debitis.', 0, '2007-02-07 12:14:30', '2017-03-23 05:47:34');
INSERT INTO `Receipt` (`saleID`, `productID`, `accountID`, `price`, `status`, `deleted`, `create_at`, `update_at`) VALUES ('1da9638c-8af6-30c5-8ba0-9b5346315f2e', '9e647c76-d7f9-3aaf-93a7-eb1cec594983', 'cfceb1b0-e316-3783-a090-c1a51bf1ce71', 56708, 'Corrupti similique libero voluptate.', 0, '1970-03-01 02:45:20', '2006-03-28 06:16:27');
INSERT INTO `Receipt` (`saleID`, `productID`, `accountID`, `price`, `status`, `deleted`, `create_at`, `update_at`) VALUES ('22934dba-3538-3a2c-bdb1-9f71fda4a21e', '66075830-6e30-3fb8-837f-a61adb45678c', 'd767c0b7-6ef8-3c87-8e9d-40b63cd901f1', 836178, 'Id dolorem aspernatur molestiae consequatur optio est.', 0, '1991-05-01 05:58:21', '2010-05-22 12:20:08');
INSERT INTO `Receipt` (`saleID`, `productID`, `accountID`, `price`, `status`, `deleted`, `create_at`, `update_at`) VALUES ('22fe8eb4-9568-303d-99f8-96e98cf3b024', 'c4797778-ab2b-312e-b7ce-d3c5aef02b15', 'cfceb1b0-e316-3783-a090-c1a51bf1ce71', 48, 'Ullam ipsam sunt officia ipsa.', 0, '1980-02-06 07:15:15', '1984-12-02 13:14:41');
INSERT INTO `Receipt` (`saleID`, `productID`, `accountID`, `price`, `status`, `deleted`, `create_at`, `update_at`) VALUES ('250c80e9-7c6c-3805-8e89-5d740cfa5bfc', 'e5666f13-1db7-3f08-8584-5112432e4052', '021f23a8-6887-3a3d-8935-6764ab4c3fa1', 9709, 'Laboriosam est aut reiciendis autem nulla.', 0, '1994-01-23 18:53:44', '1989-01-05 10:08:51');
INSERT INTO `Receipt` (`saleID`, `productID`, `accountID`, `price`, `status`, `deleted`, `create_at`, `update_at`) VALUES ('283e3b5a-2bc0-3e7c-8934-ebbd0b5ec634', '3bac0d90-5468-3510-9b1d-7324944e63a4', '3f7c6aa7-030b-3ff9-9e19-7b03354034e4', 5, 'Enim voluptate reprehenderit voluptatum debitis explicabo.', 0, '2008-09-21 22:39:59', '2015-05-23 15:54:37');
INSERT INTO `Receipt` (`saleID`, `productID`, `accountID`, `price`, `status`, `deleted`, `create_at`, `update_at`) VALUES ('29ad6953-78d5-3001-9af5-9552863940f6', '8125e19f-c1a7-374e-9d4d-d1535f92932f', 'd767c0b7-6ef8-3c87-8e9d-40b63cd901f1', 4896, 'Velit soluta repellendus nesciunt vitae molestiae ullam.', 0, '2004-08-04 23:53:25', '2007-06-06 14:57:12');
INSERT INTO `Receipt` (`saleID`, `productID`, `accountID`, `price`, `status`, `deleted`, `create_at`, `update_at`) VALUES ('29e42fdf-a5ac-37f8-83f9-351405e02160', '37fb4846-81b8-336c-9c9b-20808f41dc4a', '2f1f5e14-5481-3028-9031-9d17b08ea679', 44549079, 'Eum qui placeat magni nostrum corporis voluptates.', 0, '2007-01-04 15:45:01', '1993-11-08 15:29:27');
INSERT INTO `Receipt` (`saleID`, `productID`, `accountID`, `price`, `status`, `deleted`, `create_at`, `update_at`) VALUES ('2cc8dea3-9bcd-355c-8be4-092d4168e16d', 'dcc4d6e7-08c9-3c2f-8c1f-942dfe68b4e5', '75dd40ee-8c31-35cd-bc8a-97b0763de2bd', 34, 'Sit praesentium qui quia distinctio et et ex cum.', 0, '2012-10-11 07:09:03', '1984-09-14 22:41:56');
INSERT INTO `Receipt` (`saleID`, `productID`, `accountID`, `price`, `status`, `deleted`, `create_at`, `update_at`) VALUES ('2e202d81-4697-33a1-bf23-e693c6256312', '01b3af5f-2d14-393e-af59-7c0d946d6941', '021f23a8-6887-3a3d-8935-6764ab4c3fa1', 86240003, 'Repellendus voluptas odio non sunt cum dignissimos incidunt.', 0, '2004-11-18 03:07:22', '1991-05-27 23:05:12');
INSERT INTO `Receipt` (`saleID`, `productID`, `accountID`, `price`, `status`, `deleted`, `create_at`, `update_at`) VALUES ('36ccae85-6478-3dfc-8499-12881e21adbb', '14000cd3-3935-3194-bdd8-c6549de62b62', '021f23a8-6887-3a3d-8935-6764ab4c3fa1', 78674352, 'Ut impedit ipsum quia ut sed ea iure.', 0, '1981-12-19 03:02:40', '2018-06-13 09:32:19');
INSERT INTO `Receipt` (`saleID`, `productID`, `accountID`, `price`, `status`, `deleted`, `create_at`, `update_at`) VALUES ('3752bcbc-5721-3842-af27-9005e8ccff54', 'e09aa39f-874b-342f-a598-34fed46dbba8', 'a6c0c3f9-e5d6-3a40-bb28-aa0cc36a2ca4', 0, 'Iure voluptas adipisci aliquam sed excepturi neque voluptate illo.', 0, '1994-02-05 13:45:08', '2010-11-27 14:36:03');
INSERT INTO `Receipt` (`saleID`, `productID`, `accountID`, `price`, `status`, `deleted`, `create_at`, `update_at`) VALUES ('3c0225fa-f373-3f3e-8028-471c0211ede3', 'e9376005-785e-352f-a575-dff6b2220d3f', '2d3a3ecd-29b0-3acf-88c0-ea39afcfcde5', 7, 'Maiores quisquam repellat quia non in fuga.', 0, '1989-12-05 05:12:57', '1998-03-04 22:21:56');
INSERT INTO `Receipt` (`saleID`, `productID`, `accountID`, `price`, `status`, `deleted`, `create_at`, `update_at`) VALUES ('4355b90d-ef41-38ed-a02a-04f69fb868ce', 'ef50eea1-20c8-3e04-b21d-4dcc97fbaa85', '385a3c0c-4551-3dfc-bf68-3f9fed92db63', 7691324, 'Laudantium eos sed et itaque.', 0, '1976-02-20 07:00:06', '1978-10-25 07:20:37');
INSERT INTO `Receipt` (`saleID`, `productID`, `accountID`, `price`, `status`, `deleted`, `create_at`, `update_at`) VALUES ('45b67fca-39cf-3132-a68e-d2a65380402b', '9eb25483-742f-3ee9-80ee-5137843bf9ff', 'd767c0b7-6ef8-3c87-8e9d-40b63cd901f1', 87998, 'Quae quas itaque ad vero maxime maiores accusamus.', 0, '2002-04-29 21:55:30', '1982-08-24 16:10:36');
INSERT INTO `Receipt` (`saleID`, `productID`, `accountID`, `price`, `status`, `deleted`, `create_at`, `update_at`) VALUES ('49a9d406-50f9-3e9e-809a-ad369ee2f3b4', '9b91fb2f-ab29-3895-99db-100f1da976cb', '75dd40ee-8c31-35cd-bc8a-97b0763de2bd', 736375, 'Aspernatur est vel quo rem est culpa.', 0, '1996-06-24 20:14:26', '2001-04-08 11:36:09');
INSERT INTO `Receipt` (`saleID`, `productID`, `accountID`, `price`, `status`, `deleted`, `create_at`, `update_at`) VALUES ('4c680b5c-b74c-340f-bdb0-3e4a9aebe241', 'aa53eefa-a98e-36e9-900a-02b76be228a9', '4f8139b6-06fd-3586-abc2-c8e229394ef0', 0, 'Omnis dolore placeat sunt sit vel quaerat a.', 0, '2015-03-01 10:45:54', '1970-11-20 07:14:51');
INSERT INTO `Receipt` (`saleID`, `productID`, `accountID`, `price`, `status`, `deleted`, `create_at`, `update_at`) VALUES ('4e86bb3d-d142-329e-a54f-2ce58507f44e', '17cc4763-df69-3404-96b8-b3e98beadc9f', '2d3a3ecd-29b0-3acf-88c0-ea39afcfcde5', 5322823, 'Eius ea vero aut odit aut soluta occaecati.', 0, '1981-01-18 02:01:19', '2006-12-29 06:03:35');
INSERT INTO `Receipt` (`saleID`, `productID`, `accountID`, `price`, `status`, `deleted`, `create_at`, `update_at`) VALUES ('5071a7ad-9fcb-3929-ae3a-be414e8b0b34', '3a4d30af-fa70-3566-8002-e48e4fa7c5ab', '385a3c0c-4551-3dfc-bf68-3f9fed92db63', 918410154, 'Illum nihil magni culpa dolorum est et.', 0, '1978-11-14 21:17:05', '2013-03-06 18:04:32');
INSERT INTO `Receipt` (`saleID`, `productID`, `accountID`, `price`, `status`, `deleted`, `create_at`, `update_at`) VALUES ('511dfa24-a1ad-3e08-91fe-d4df192732b8', 'a4b144a3-f05d-3a39-a18a-5016d0518d2a', '2f1f5e14-5481-3028-9031-9d17b08ea679', 2, 'Dicta quo ipsam iste et consequuntur ratione fugit.', 0, '1975-05-15 23:41:23', '2015-06-13 19:27:21');
INSERT INTO `Receipt` (`saleID`, `productID`, `accountID`, `price`, `status`, `deleted`, `create_at`, `update_at`) VALUES ('56f466df-0153-3aca-b30a-b8bf80e3e3e3', '0d23392b-7270-3d83-895a-00dd4e2fbe10', '4f8139b6-06fd-3586-abc2-c8e229394ef0', 13, 'Voluptatibus natus eos quia dolores.', 0, '2017-01-25 07:42:24', '1972-12-08 15:05:11');
INSERT INTO `Receipt` (`saleID`, `productID`, `accountID`, `price`, `status`, `deleted`, `create_at`, `update_at`) VALUES ('5ad2e0d0-a87f-3ff7-a786-c2ccd79523b9', 'd14ad00a-4177-34b4-acf2-bd1397845dae', '385a3c0c-4551-3dfc-bf68-3f9fed92db63', 664, 'Voluptas consequuntur quod vero qui voluptatem earum.', 0, '1995-09-12 01:02:37', '2001-04-14 23:41:54');
INSERT INTO `Receipt` (`saleID`, `productID`, `accountID`, `price`, `status`, `deleted`, `create_at`, `update_at`) VALUES ('5ba064da-7f8f-3750-b471-14dcca8c9108', '6a8b080e-c65f-3171-ad86-f42088725612', '021f23a8-6887-3a3d-8935-6764ab4c3fa1', 554276, 'Suscipit mollitia quos ullam quaerat.', 0, '1989-12-19 07:59:42', '2009-08-03 18:29:56');
INSERT INTO `Receipt` (`saleID`, `productID`, `accountID`, `price`, `status`, `deleted`, `create_at`, `update_at`) VALUES ('5be3827a-5b57-3ac8-a548-759cd9598b2a', '7fe2a6f5-c818-35f9-8e21-8d10e0ba7ddb', 'cfceb1b0-e316-3783-a090-c1a51bf1ce71', 93293136, 'Nisi aliquam deleniti sed eveniet aperiam atque consectetur.', 0, '2014-02-27 03:58:17', '1973-05-11 16:16:45');
INSERT INTO `Receipt` (`saleID`, `productID`, `accountID`, `price`, `status`, `deleted`, `create_at`, `update_at`) VALUES ('5ccab8a9-f4aa-3fe6-b6be-f0f4b3d79e80', 'bf0383ab-2999-316d-b6ed-05432538b528', '75dd40ee-8c31-35cd-bc8a-97b0763de2bd', 41, 'Et dolorem enim unde commodi et ut at.', 0, '1997-04-28 20:59:56', '2020-07-16 08:14:45');
INSERT INTO `Receipt` (`saleID`, `productID`, `accountID`, `price`, `status`, `deleted`, `create_at`, `update_at`) VALUES ('5f9e3f1e-4229-3d27-8c2b-f3be06ff4246', 'a9166344-d0d8-3f3f-a2cf-f7609155720e', '3f7c6aa7-030b-3ff9-9e19-7b03354034e4', 5, 'Laborum sapiente accusantium fuga ut qui ad ut ex.', 0, '2005-10-19 06:21:26', '2015-04-09 10:18:15');
INSERT INTO `Receipt` (`saleID`, `productID`, `accountID`, `price`, `status`, `deleted`, `create_at`, `update_at`) VALUES ('60946a61-839d-39e6-ad57-683c45eab07c', '53f2d147-4364-3421-a7d3-4f777bc2aca7', 'd767c0b7-6ef8-3c87-8e9d-40b63cd901f1', 90, 'Eaque excepturi nam doloremque debitis mollitia quo.', 0, '1971-09-29 05:23:47', '2013-08-25 17:38:55');
INSERT INTO `Receipt` (`saleID`, `productID`, `accountID`, `price`, `status`, `deleted`, `create_at`, `update_at`) VALUES ('6159e9bb-c0b6-39c1-9f0d-4979689c9781', '992b485b-1286-329d-a6b5-e06f081d30a7', '4f8139b6-06fd-3586-abc2-c8e229394ef0', 38, 'Fugit quas non ut officiis debitis sapiente consectetur quis.', 0, '2008-11-23 21:21:12', '2001-07-22 20:57:32');
INSERT INTO `Receipt` (`saleID`, `productID`, `accountID`, `price`, `status`, `deleted`, `create_at`, `update_at`) VALUES ('61ea7eee-d7eb-325e-b319-dfc83c5e506d', 'c4c0e7cc-89a7-30f3-849c-67c35ba4ea52', 'd767c0b7-6ef8-3c87-8e9d-40b63cd901f1', 0, 'Asperiores ut eligendi aut ut maiores eius.', 0, '1971-09-25 06:38:41', '1992-09-01 12:17:46');
INSERT INTO `Receipt` (`saleID`, `productID`, `accountID`, `price`, `status`, `deleted`, `create_at`, `update_at`) VALUES ('63ab188d-ce0c-310f-83c4-4ea7b9e9d1d3', 'b4b76c5c-eefd-3bab-9560-55ec3dccb171', '021f23a8-6887-3a3d-8935-6764ab4c3fa1', 53511330, 'Placeat ut consequuntur perspiciatis natus est ut deserunt.', 0, '1991-11-07 00:44:53', '1988-08-24 05:01:40');
INSERT INTO `Receipt` (`saleID`, `productID`, `accountID`, `price`, `status`, `deleted`, `create_at`, `update_at`) VALUES ('67dcc1cd-3f44-3001-b7e1-5a29120931a3', 'f49165c5-934f-3c2a-b89b-aad3890003cf', '4f8139b6-06fd-3586-abc2-c8e229394ef0', 8844949, 'Consequatur laborum quia sunt ea rerum deserunt.', 0, '2002-01-11 07:32:28', '1984-06-13 08:59:51');
INSERT INTO `Receipt` (`saleID`, `productID`, `accountID`, `price`, `status`, `deleted`, `create_at`, `update_at`) VALUES ('6cd43dde-eb08-38b0-80b2-08fe27fa5586', '77ff49bb-7463-3db9-a98d-45057f6e41dd', '4f8139b6-06fd-3586-abc2-c8e229394ef0', 8, 'Quis ipsum quam ea perferendis dolorem.', 0, '2001-02-24 01:39:21', '1986-08-21 16:10:01');
INSERT INTO `Receipt` (`saleID`, `productID`, `accountID`, `price`, `status`, `deleted`, `create_at`, `update_at`) VALUES ('6f10363a-cda1-3f80-88ee-1afba5a3569c', '956fc1f2-8e9e-33db-b9fc-eb28b07502db', '2f1f5e14-5481-3028-9031-9d17b08ea679', 2345065, 'Odio earum quos placeat sed temporibus accusantium odio.', 0, '2012-10-15 15:50:05', '2005-06-13 13:40:38');
INSERT INTO `Receipt` (`saleID`, `productID`, `accountID`, `price`, `status`, `deleted`, `create_at`, `update_at`) VALUES ('70482e4e-af4f-34a0-8e41-e459e984df44', 'c2c45777-7a54-3642-adae-d95382deaf06', 'a6c0c3f9-e5d6-3a40-bb28-aa0cc36a2ca4', 55309637, 'Odit voluptatem omnis laborum esse.', 0, '2010-02-10 19:40:21', '1978-06-19 14:26:54');
INSERT INTO `Receipt` (`saleID`, `productID`, `accountID`, `price`, `status`, `deleted`, `create_at`, `update_at`) VALUES ('77732929-77bc-3556-bfff-9e54e490c8fd', '5cd35235-5e8e-389d-a8c0-dee60d474839', '385a3c0c-4551-3dfc-bf68-3f9fed92db63', 73, 'Est molestiae a sit molestiae ipsa dolor et.', 0, '2020-10-16 02:09:41', '2003-12-25 00:32:25');
INSERT INTO `Receipt` (`saleID`, `productID`, `accountID`, `price`, `status`, `deleted`, `create_at`, `update_at`) VALUES ('7fe747e7-7888-3355-a449-e68b1d08bdda', '4012de4c-0817-33b5-837a-632879dcdf9b', '4f8139b6-06fd-3586-abc2-c8e229394ef0', 0, 'Facilis debitis voluptatem aspernatur ut sint et facilis.', 0, '1998-01-25 22:42:30', '1984-09-01 03:50:24');
INSERT INTO `Receipt` (`saleID`, `productID`, `accountID`, `price`, `status`, `deleted`, `create_at`, `update_at`) VALUES ('86292524-1566-3109-b685-e034d5113247', 'f9c2eaef-5748-3fd2-9167-0308bb5e4d88', '75dd40ee-8c31-35cd-bc8a-97b0763de2bd', 0, 'Exercitationem velit velit ut sapiente.', 0, '1976-10-08 20:41:29', '1978-12-27 14:30:59');
INSERT INTO `Receipt` (`saleID`, `productID`, `accountID`, `price`, `status`, `deleted`, `create_at`, `update_at`) VALUES ('8852596b-154f-35ca-bbc2-13ca2cc917d4', '5a9c7126-2aab-332a-8d5e-f702aa0bddfd', '2f1f5e14-5481-3028-9031-9d17b08ea679', 52322805, 'Ad dicta consequatur autem labore eum.', 0, '1972-12-04 08:38:56', '1971-02-18 17:17:27');
INSERT INTO `Receipt` (`saleID`, `productID`, `accountID`, `price`, `status`, `deleted`, `create_at`, `update_at`) VALUES ('88ca1e61-dec1-3976-bf15-6368ab230adf', '5eff325d-09dc-3b5e-8b52-76a6b6978f7c', '4f8139b6-06fd-3586-abc2-c8e229394ef0', 7739, 'Optio ex qui tenetur illum id.', 0, '1998-03-08 14:47:39', '1988-08-10 19:31:16');
INSERT INTO `Receipt` (`saleID`, `productID`, `accountID`, `price`, `status`, `deleted`, `create_at`, `update_at`) VALUES ('8a9213b5-0d1d-3b7c-b3be-bc53749f7036', '02699726-540f-373c-8ce4-2f4239f9435f', '2f1f5e14-5481-3028-9031-9d17b08ea679', 170647534, 'Provident id aspernatur repellendus eligendi maiores quibusdam quibusdam maxime.', 0, '2016-04-29 07:06:45', '2009-07-26 13:14:32');
INSERT INTO `Receipt` (`saleID`, `productID`, `accountID`, `price`, `status`, `deleted`, `create_at`, `update_at`) VALUES ('8d4abdda-dff3-3909-84e9-1d4ace478645', '6b021007-cee2-3326-8eef-fc984c131dc7', '2d3a3ecd-29b0-3acf-88c0-ea39afcfcde5', 8599, 'Nisi veniam aut natus sit quibusdam.', 0, '2002-11-20 06:43:19', '1978-03-02 00:53:50');
INSERT INTO `Receipt` (`saleID`, `productID`, `accountID`, `price`, `status`, `deleted`, `create_at`, `update_at`) VALUES ('8f434ab4-ca46-3029-8796-b37f6249dca6', '5e74094d-6b23-322d-b7d6-006af4e16619', '3f7c6aa7-030b-3ff9-9e19-7b03354034e4', 2, 'Eos ea nemo omnis porro rerum placeat et beatae.', 0, '1972-12-15 15:14:22', '1994-01-11 07:33:13');
INSERT INTO `Receipt` (`saleID`, `productID`, `accountID`, `price`, `status`, `deleted`, `create_at`, `update_at`) VALUES ('8fc89ade-1836-324c-a959-d2b0c0c9108d', '2169fd63-c103-3bbb-b967-3685aec82b16', '385a3c0c-4551-3dfc-bf68-3f9fed92db63', 54, 'Exercitationem quos ducimus vero qui voluptatum consequatur nisi.', 0, '2008-06-01 14:37:47', '2006-07-16 11:23:55');
INSERT INTO `Receipt` (`saleID`, `productID`, `accountID`, `price`, `status`, `deleted`, `create_at`, `update_at`) VALUES ('930c45b4-5dc8-363d-9803-759349bb87ed', '0f40dcbc-d686-3477-ba52-d201cb46bcfc', 'a6c0c3f9-e5d6-3a40-bb28-aa0cc36a2ca4', 404870, 'Hic ratione qui itaque aperiam sit repudiandae.', 0, '1994-06-13 11:19:55', '1983-05-21 04:50:23');
INSERT INTO `Receipt` (`saleID`, `productID`, `accountID`, `price`, `status`, `deleted`, `create_at`, `update_at`) VALUES ('93efd2b6-9ff5-3480-93da-48bfd70251ea', 'dc99d834-c2c2-381c-816b-d26d5e5d1974', '4f8139b6-06fd-3586-abc2-c8e229394ef0', 26302670, 'Illo omnis quis similique dolor sed et iste.', 0, '2019-11-12 11:20:06', '2011-11-11 01:49:26');
INSERT INTO `Receipt` (`saleID`, `productID`, `accountID`, `price`, `status`, `deleted`, `create_at`, `update_at`) VALUES ('94c5461a-eebf-3c9c-987c-696893c33716', '2e22313c-c406-3a9d-b7df-ac1cf4bc3985', 'a6c0c3f9-e5d6-3a40-bb28-aa0cc36a2ca4', 986359503, 'Et voluptatem assumenda et.', 0, '1999-01-23 20:48:51', '2012-10-03 00:42:25');
INSERT INTO `Receipt` (`saleID`, `productID`, `accountID`, `price`, `status`, `deleted`, `create_at`, `update_at`) VALUES ('96f070d5-5caa-3002-82ef-16e4af8a6636', 'bd75bea2-8969-3b1b-92df-68dbd702c98e', '3f7c6aa7-030b-3ff9-9e19-7b03354034e4', 89, 'Dolorem assumenda quidem distinctio sed sunt quo commodi possimus.', 0, '1996-12-27 09:26:38', '1973-01-19 20:01:02');
INSERT INTO `Receipt` (`saleID`, `productID`, `accountID`, `price`, `status`, `deleted`, `create_at`, `update_at`) VALUES ('97cedbfd-46f6-330c-b58b-d5a03113a89c', '275fa1e2-de8b-3000-80e9-776a13d5b757', '4f8139b6-06fd-3586-abc2-c8e229394ef0', 95386, 'Et consectetur odio excepturi voluptas voluptatem.', 0, '1976-12-07 04:11:41', '2018-05-05 09:42:45');
INSERT INTO `Receipt` (`saleID`, `productID`, `accountID`, `price`, `status`, `deleted`, `create_at`, `update_at`) VALUES ('97d721b4-d2b8-3e56-a352-6efe96250c67', '10e0421e-2c82-321c-834b-d229b0fc9074', 'd767c0b7-6ef8-3c87-8e9d-40b63cd901f1', 86716, 'Perferendis laboriosam quaerat ipsum dolorum rerum quia.', 0, '1984-06-06 20:53:09', '2017-07-13 19:22:16');
INSERT INTO `Receipt` (`saleID`, `productID`, `accountID`, `price`, `status`, `deleted`, `create_at`, `update_at`) VALUES ('996ddfe7-e6cf-32c5-b7b3-e82169e9c662', '98ef591e-730d-37c6-ae7e-108ce76701e0', '3f7c6aa7-030b-3ff9-9e19-7b03354034e4', 4, 'Necessitatibus repudiandae ex ipsum omnis a.', 0, '1977-08-17 18:48:44', '2018-07-14 09:53:09');
INSERT INTO `Receipt` (`saleID`, `productID`, `accountID`, `price`, `status`, `deleted`, `create_at`, `update_at`) VALUES ('9daede35-30b6-3baa-acdd-18dcbeb16cad', 'e5577d64-7e6d-3f22-b0e1-ba6abd9cfc20', 'd767c0b7-6ef8-3c87-8e9d-40b63cd901f1', 5, 'Ea necessitatibus officiis corporis quibusdam.', 0, '1981-05-19 10:06:14', '2014-10-27 09:01:59');
INSERT INTO `Receipt` (`saleID`, `productID`, `accountID`, `price`, `status`, `deleted`, `create_at`, `update_at`) VALUES ('9e5c29d6-86cb-327f-ab59-4907c4c962c2', 'd32f1a1e-9a40-389e-a0f0-6adc2b9151af', '3f7c6aa7-030b-3ff9-9e19-7b03354034e4', 8497, 'Quia aut impedit quas iure architecto veritatis.', 0, '1972-07-06 02:23:25', '2006-02-16 18:43:01');
INSERT INTO `Receipt` (`saleID`, `productID`, `accountID`, `price`, `status`, `deleted`, `create_at`, `update_at`) VALUES ('9e915beb-2e88-35c8-b772-f756b3f56e60', '62861787-857a-3693-b496-8d75ec3a3027', 'a6c0c3f9-e5d6-3a40-bb28-aa0cc36a2ca4', 398, 'Iusto quam non aperiam labore voluptas unde.', 0, '2012-03-29 07:00:27', '2017-08-12 05:17:52');
INSERT INTO `Receipt` (`saleID`, `productID`, `accountID`, `price`, `status`, `deleted`, `create_at`, `update_at`) VALUES ('a29202d2-d543-37c8-b868-21bb71f00aca', 'fe30d910-5102-3a32-b282-1e0d0aae7100', 'd767c0b7-6ef8-3c87-8e9d-40b63cd901f1', 845916, 'Id quis impedit aut quis labore velit.', 0, '2015-12-03 10:37:28', '2003-05-24 19:35:51');
INSERT INTO `Receipt` (`saleID`, `productID`, `accountID`, `price`, `status`, `deleted`, `create_at`, `update_at`) VALUES ('a5e46f41-8433-3df8-860c-9f129ec8d5dc', 'fd494754-6f93-314f-b5a3-12ed276bf0b7', 'cfceb1b0-e316-3783-a090-c1a51bf1ce71', 6, 'Ratione et nisi ut tempore sunt quidem quisquam voluptatem.', 0, '2004-11-09 21:38:30', '1988-10-05 22:46:28');
INSERT INTO `Receipt` (`saleID`, `productID`, `accountID`, `price`, `status`, `deleted`, `create_at`, `update_at`) VALUES ('a8b68d0f-74cd-3fac-a47e-8d91c8f58617', '33c1a957-58df-37c9-b529-80406925fc1b', '021f23a8-6887-3a3d-8935-6764ab4c3fa1', 557977, 'Similique facilis qui et harum magni.', 0, '1996-09-05 10:43:30', '2004-09-16 14:54:15');
INSERT INTO `Receipt` (`saleID`, `productID`, `accountID`, `price`, `status`, `deleted`, `create_at`, `update_at`) VALUES ('a99ef5ff-663c-3641-bd97-f12101576086', '32e5712a-45de-3e04-966a-70464795152f', 'd767c0b7-6ef8-3c87-8e9d-40b63cd901f1', 422, 'Sint eum ipsam delectus omnis voluptatem voluptas.', 0, '1978-04-08 22:23:54', '1995-01-20 22:15:20');
INSERT INTO `Receipt` (`saleID`, `productID`, `accountID`, `price`, `status`, `deleted`, `create_at`, `update_at`) VALUES ('adbbc9f8-9e0c-3da8-bbe3-c4cf4d94953d', '54477428-68f3-3e7e-a79d-982a875ce529', '021f23a8-6887-3a3d-8935-6764ab4c3fa1', 704162, 'Maiores veniam distinctio quis placeat officia aperiam.', 0, '1971-04-14 03:46:48', '2006-05-22 17:24:32');
INSERT INTO `Receipt` (`saleID`, `productID`, `accountID`, `price`, `status`, `deleted`, `create_at`, `update_at`) VALUES ('b22fe106-908b-3a8c-af10-4ff39ec1c237', 'a468a240-11fb-33cc-9edd-1f1576918c6a', '2d3a3ecd-29b0-3acf-88c0-ea39afcfcde5', 4, 'Inventore vel voluptates recusandae possimus non dignissimos et.', 0, '2017-08-11 20:28:04', '2011-04-11 11:24:14');
INSERT INTO `Receipt` (`saleID`, `productID`, `accountID`, `price`, `status`, `deleted`, `create_at`, `update_at`) VALUES ('b625ea0e-a247-3ab1-91af-bf883727864f', '72a3a644-d5da-3d41-a361-f4a123ac1a36', '385a3c0c-4551-3dfc-bf68-3f9fed92db63', 0, 'Expedita odit temporibus id dignissimos explicabo similique eum.', 0, '1984-03-28 07:00:57', '2017-11-29 10:10:17');
INSERT INTO `Receipt` (`saleID`, `productID`, `accountID`, `price`, `status`, `deleted`, `create_at`, `update_at`) VALUES ('be5b2917-d861-3f42-b940-8bfaef437cb2', 'fcd9b342-96fb-37a5-995a-b063394488cd', 'a6c0c3f9-e5d6-3a40-bb28-aa0cc36a2ca4', 2, 'Et ipsa iusto veniam nemo possimus.', 0, '2004-04-13 07:18:32', '2020-11-22 13:05:22');
INSERT INTO `Receipt` (`saleID`, `productID`, `accountID`, `price`, `status`, `deleted`, `create_at`, `update_at`) VALUES ('be9c615a-04b5-355b-96cf-5a229e395013', 'c78d6006-be93-32c0-be53-f026107edec4', '021f23a8-6887-3a3d-8935-6764ab4c3fa1', 312, 'Aut debitis consequatur quos impedit aut et quisquam aperiam.', 0, '2017-04-02 00:31:16', '2015-01-11 11:26:21');
INSERT INTO `Receipt` (`saleID`, `productID`, `accountID`, `price`, `status`, `deleted`, `create_at`, `update_at`) VALUES ('c0d8bd1b-020e-3f82-8fff-855a206bced0', 'f3f9dff3-ef6a-3f5d-a548-533b30eb05e1', '3f7c6aa7-030b-3ff9-9e19-7b03354034e4', 5290341, 'Incidunt maxime eos quo fugiat voluptatem laudantium eum eum.', 0, '2006-12-22 00:11:52', '1977-08-20 19:41:29');
INSERT INTO `Receipt` (`saleID`, `productID`, `accountID`, `price`, `status`, `deleted`, `create_at`, `update_at`) VALUES ('c1a24211-e33b-3017-8281-c889492cfbc9', 'ce5ca078-d333-35cc-b43b-a26d60f6e3c9', '2d3a3ecd-29b0-3acf-88c0-ea39afcfcde5', 5810, 'Ea quo consequuntur ab aliquid id.', 0, '2008-10-19 15:12:19', '1977-02-02 02:15:59');
INSERT INTO `Receipt` (`saleID`, `productID`, `accountID`, `price`, `status`, `deleted`, `create_at`, `update_at`) VALUES ('c1ed262f-0e92-3233-8449-1f97cfdf5821', '2fba478d-47d3-3881-a38f-051fba3094db', 'cfceb1b0-e316-3783-a090-c1a51bf1ce71', 14074, 'Ut qui quisquam nostrum.', 0, '1987-07-21 08:25:40', '2012-04-07 00:07:06');
INSERT INTO `Receipt` (`saleID`, `productID`, `accountID`, `price`, `status`, `deleted`, `create_at`, `update_at`) VALUES ('c572d0d6-858f-3f03-965f-6c30d1704cf2', '9f25965d-1ae7-39b1-bab7-264e66d594d1', '021f23a8-6887-3a3d-8935-6764ab4c3fa1', 7943222, 'In aliquid earum vel perspiciatis tempora ratione sit eaque.', 0, '2003-07-18 10:22:10', '2002-02-07 02:01:47');
INSERT INTO `Receipt` (`saleID`, `productID`, `accountID`, `price`, `status`, `deleted`, `create_at`, `update_at`) VALUES ('cc0737e8-623b-3591-aca6-142be34c5630', '61361698-ca94-3d7e-b09e-92c2c30570e2', '75dd40ee-8c31-35cd-bc8a-97b0763de2bd', 967, 'Facilis veniam voluptatem non debitis nostrum consectetur.', 0, '2018-05-11 04:05:07', '1997-07-09 18:34:05');
INSERT INTO `Receipt` (`saleID`, `productID`, `accountID`, `price`, `status`, `deleted`, `create_at`, `update_at`) VALUES ('d18eb520-fb18-3bf1-8fb6-06fefcb93ad1', 'b9a507a4-ecc8-3926-85c4-75d23ab1095f', '2d3a3ecd-29b0-3acf-88c0-ea39afcfcde5', 40219569, 'Ut totam saepe in temporibus labore distinctio vel.', 0, '1991-06-19 10:21:13', '1995-02-25 22:28:58');
INSERT INTO `Receipt` (`saleID`, `productID`, `accountID`, `price`, `status`, `deleted`, `create_at`, `update_at`) VALUES ('d48766c6-4176-3b8e-8460-474982aa7f5f', 'ba7c3480-4a6e-3cda-939a-28235b40b5fa', '2f1f5e14-5481-3028-9031-9d17b08ea679', 2, 'Ratione molestiae voluptatibus omnis quo eligendi cum veritatis.', 0, '1970-10-20 12:41:35', '2019-12-20 10:36:33');
INSERT INTO `Receipt` (`saleID`, `productID`, `accountID`, `price`, `status`, `deleted`, `create_at`, `update_at`) VALUES ('d8955e76-4f98-3952-8d29-6ff1767186e4', '91d882f9-9fc8-3102-87d4-5d27a065f5ff', '021f23a8-6887-3a3d-8935-6764ab4c3fa1', 3880, 'Delectus aperiam id possimus ut voluptatum.', 0, '2018-05-26 20:19:38', '1994-03-20 20:38:35');
INSERT INTO `Receipt` (`saleID`, `productID`, `accountID`, `price`, `status`, `deleted`, `create_at`, `update_at`) VALUES ('d8df8ddb-ce5d-3d68-8621-4ddd98097d09', '5606d21f-3fb7-3379-8f6a-74c4d095de92', '2d3a3ecd-29b0-3acf-88c0-ea39afcfcde5', 138588598, 'Non deserunt quis possimus sunt et quod consequatur.', 0, '1974-12-29 16:03:21', '2011-05-16 20:44:23');
INSERT INTO `Receipt` (`saleID`, `productID`, `accountID`, `price`, `status`, `deleted`, `create_at`, `update_at`) VALUES ('da20996f-23cd-3f00-8d29-15168b8f0ea4', '73bd8771-16b5-33a7-aed6-ad095d6d47e0', '3f7c6aa7-030b-3ff9-9e19-7b03354034e4', 3, 'Illo ullam in blanditiis a et ut.', 0, '2000-07-15 16:26:22', '2016-10-18 05:17:22');
INSERT INTO `Receipt` (`saleID`, `productID`, `accountID`, `price`, `status`, `deleted`, `create_at`, `update_at`) VALUES ('de4b3ae5-c657-3b1e-8848-b23c8407ca1f', 'ad1a8029-e5de-3176-8f18-6d74ed013d93', 'cfceb1b0-e316-3783-a090-c1a51bf1ce71', 637346985, 'Nesciunt aut animi sed hic autem sapiente.', 0, '1981-03-04 10:37:43', '2006-03-25 04:51:59');
INSERT INTO `Receipt` (`saleID`, `productID`, `accountID`, `price`, `status`, `deleted`, `create_at`, `update_at`) VALUES ('e1ee61e6-af7f-386a-8915-5dadf2e89157', 'e3726850-e9ca-3f37-8e24-dc3041c30db2', 'cfceb1b0-e316-3783-a090-c1a51bf1ce71', 378622, 'Iure saepe iure voluptas qui.', 0, '1984-05-02 06:44:45', '2015-12-24 23:20:18');
INSERT INTO `Receipt` (`saleID`, `productID`, `accountID`, `price`, `status`, `deleted`, `create_at`, `update_at`) VALUES ('e29181ec-1031-3b77-aba0-eeb50289ed6e', 'ab219843-6e26-3646-9fd9-d6f2953b984c', '75dd40ee-8c31-35cd-bc8a-97b0763de2bd', 42051, 'Necessitatibus consequatur et animi aliquam animi necessitatibus.', 0, '2011-01-22 08:54:03', '2006-08-30 12:38:16');
INSERT INTO `Receipt` (`saleID`, `productID`, `accountID`, `price`, `status`, `deleted`, `create_at`, `update_at`) VALUES ('e46ff1fc-508b-32e1-b95c-a042fc4e4c00', '0bed51bd-f1fa-3371-8527-4f8492105522', '3f7c6aa7-030b-3ff9-9e19-7b03354034e4', 6019397, 'Ab ea sit quasi et quidem dolores.', 0, '1996-09-16 06:01:49', '2020-06-08 17:54:58');
INSERT INTO `Receipt` (`saleID`, `productID`, `accountID`, `price`, `status`, `deleted`, `create_at`, `update_at`) VALUES ('e74bf23a-948d-34ef-b752-09d3706b0d37', 'ea862ac9-304a-371a-969e-5a360020fba1', '2f1f5e14-5481-3028-9031-9d17b08ea679', 98038, 'Dicta distinctio eius a placeat recusandae.', 0, '1989-12-11 07:31:58', '2007-11-03 07:58:13');
INSERT INTO `Receipt` (`saleID`, `productID`, `accountID`, `price`, `status`, `deleted`, `create_at`, `update_at`) VALUES ('e9b16c50-2c6c-35aa-a829-5068e3bf79ce', 'bab148a0-a3f8-334b-913c-8fc4de4ab09f', '385a3c0c-4551-3dfc-bf68-3f9fed92db63', 66, 'Velit quaerat qui maxime modi soluta nesciunt.', 0, '2019-05-24 03:29:04', '1973-03-31 02:46:16');
INSERT INTO `Receipt` (`saleID`, `productID`, `accountID`, `price`, `status`, `deleted`, `create_at`, `update_at`) VALUES ('ea16c126-9065-3505-89ff-e30d2e0983c4', '291bfa94-7ea8-359f-b4c2-da1a23c36b7e', '75dd40ee-8c31-35cd-bc8a-97b0763de2bd', 301, 'Quo rem rerum et aut ea.', 0, '2013-08-03 05:18:46', '2015-06-20 14:01:32');
INSERT INTO `Receipt` (`saleID`, `productID`, `accountID`, `price`, `status`, `deleted`, `create_at`, `update_at`) VALUES ('eb8449b4-5914-3d87-8c79-58bec8687a5b', '01f33b6a-88a6-3b5a-95d1-080e5916a2df', '2d3a3ecd-29b0-3acf-88c0-ea39afcfcde5', 918713, 'Et quibusdam recusandae officiis voluptate voluptas et voluptatem.', 0, '1994-10-29 04:16:02', '1996-09-04 05:10:30');
INSERT INTO `Receipt` (`saleID`, `productID`, `accountID`, `price`, `status`, `deleted`, `create_at`, `update_at`) VALUES ('ef6dc0f0-d482-36c2-886a-f3a7805d0983', 'a8d20b7a-7f0f-31b6-95e4-591e61cb6191', '385a3c0c-4551-3dfc-bf68-3f9fed92db63', 7024, 'Fugiat voluptas ea deleniti suscipit quaerat accusamus et.', 0, '1972-05-25 21:56:11', '1991-11-13 02:28:18');
INSERT INTO `Receipt` (`saleID`, `productID`, `accountID`, `price`, `status`, `deleted`, `create_at`, `update_at`) VALUES ('f3fc801f-8fd5-38be-8d0c-799faea93cc7', '65e72e43-b364-3de5-bf80-ff8db54ef26b', 'cfceb1b0-e316-3783-a090-c1a51bf1ce71', 578093593, 'Nam et aut quam repellendus sit.', 0, '1998-05-25 13:05:14', '1984-06-07 15:53:45');
INSERT INTO `Receipt` (`saleID`, `productID`, `accountID`, `price`, `status`, `deleted`, `create_at`, `update_at`) VALUES ('f40dec13-265b-32e7-a2f4-b820de9cddcd', '3548a41c-db41-34b8-90c1-2e5d24c72548', '2d3a3ecd-29b0-3acf-88c0-ea39afcfcde5', 1319019, 'Vitae sit optio neque sed harum.', 0, '2009-12-20 20:27:10', '1974-02-23 17:44:37');
INSERT INTO `Receipt` (`saleID`, `productID`, `accountID`, `price`, `status`, `deleted`, `create_at`, `update_at`) VALUES ('f562574e-6da5-313f-bef7-23b0825ab00b', '10c5ba4b-4f17-3033-9257-3a93db6a767b', 'cfceb1b0-e316-3783-a090-c1a51bf1ce71', 488, 'Consequuntur quae repudiandae sapiente eaque quam alias.', 0, '1993-01-17 06:40:43', '2007-09-11 10:33:36');
INSERT INTO `Receipt` (`saleID`, `productID`, `accountID`, `price`, `status`, `deleted`, `create_at`, `update_at`) VALUES ('f9a6e486-fa1a-39f4-ab83-d17359a2aa39', '0ef870ef-a3c0-3fab-acdf-1fd45251d3b9', '75dd40ee-8c31-35cd-bc8a-97b0763de2bd', 30311, 'Laboriosam quia odio ipsa quasi libero.', 0, '2012-01-31 23:28:02', '2013-11-28 10:35:48');
INSERT INTO `Receipt` (`saleID`, `productID`, `accountID`, `price`, `status`, `deleted`, `create_at`, `update_at`) VALUES ('fa75407d-a418-3c51-88c7-addb178febc8', 'bd8ebaf3-b3ab-34ca-af52-ece1d138962f', '4f8139b6-06fd-3586-abc2-c8e229394ef0', 906, 'Consectetur maxime id dolorum.', 0, '1995-06-29 02:05:59', '2010-09-14 21:03:59');
INSERT INTO `Receipt` (`saleID`, `productID`, `accountID`, `price`, `status`, `deleted`, `create_at`, `update_at`) VALUES ('fd22db13-7ceb-30f0-9a3b-b3fdf7b8070d', '7dd3720b-0aad-3ebf-816c-bc550db0a269', 'a6c0c3f9-e5d6-3a40-bb28-aa0cc36a2ca4', 56, 'Nam illum sunt sequi in voluptatum.', 0, '2002-07-30 08:26:49', '1974-02-22 17:16:49');
INSERT INTO `Receipt` (`saleID`, `productID`, `accountID`, `price`, `status`, `deleted`, `create_at`, `update_at`) VALUES ('fd8e1f42-d46c-30d1-83d1-50abd28128b9', '9517f71a-022e-38e4-900a-f38434957c16', '2d3a3ecd-29b0-3acf-88c0-ea39afcfcde5', 372064, 'Enim necessitatibus praesentium consequatur id.', 0, '2020-09-28 09:46:25', '1980-10-23 08:47:03');
INSERT INTO `Receipt` (`saleID`, `productID`, `accountID`, `price`, `status`, `deleted`, `create_at`, `update_at`) VALUES ('fea413f3-a358-32fd-9a9c-4dab853684d2', '43965d1a-4a06-3209-af65-ea4faad4d5e5', 'a6c0c3f9-e5d6-3a40-bb28-aa0cc36a2ca4', 2677, 'Totam quo et cupiditate provident voluptatum iste est.', 0, '1997-07-17 21:54:33', '1988-01-11 03:27:48');
INSERT INTO `Receipt` (`saleID`, `productID`, `accountID`, `price`, `status`, `deleted`, `create_at`, `update_at`) VALUES ('ffd7dd9f-6c0a-3206-8aad-e9453e12de0c', 'd0897c89-42a3-34fb-8db9-76f7f4649a9e', '2f1f5e14-5481-3028-9031-9d17b08ea679', 759727, 'Suscipit temporibus voluptatum nam voluptatum dolorem.', 0, '2008-08-22 01:47:32', '1971-04-07 02:17:35');


